segment_id,arousal
10,negative
11,negative
12,negative
13,negative
14,negative
15,negative
16,negative
17,negative
18,negative
19,negative
20,negative
21,negative
22,negative
23,negative
24,negative
25,negative
26,negative
27,negative
28,negative
29,negative
30,negative
31,negative
32,negative
33,negative
34,negative
35,negative
36,negative
37,negative
38,negative
39,negative
40,negative
41,negative
42,negative
43,negative
44,negative
45,negative
46,negative
47,negative
48,negative
49,negative
50,neutral
51,neutral
52,neutral
53,neutral
54,neutral
55,neutral
56,neutral
57,neutral
58,neutral
59,neutral
60,negative
61,negative
62,negative
63,negative
64,negative
65,negative
66,negative
67,negative
68,negative
69,negative
70,negative
71,negative
72,negative
73,negative
74,negative
75,negative
76,negative
77,negative
78,negative
79,negative
80,positive
81,positive
82,positive
83,positive
84,positive
85,positive
86,positive
87,positive
88,positive
89,positive
90,negative
91,negative
92,negative
93,negative
94,negative
95,negative
96,negative
97,negative
98,negative
99,negative
100,negative
101,negative
102,negative
103,negative
104,negative
105,negative
106,negative
107,negative
108,negative
109,negative
160,negative
161,negative
162,negative
163,negative
164,negative
165,negative
166,negative
167,negative
168,negative
169,negative
170,negative
171,negative
172,negative
173,negative
174,negative
175,negative
176,negative
177,negative
178,negative
179,negative
180,negative
181,negative
182,negative
183,negative
184,negative
185,negative
186,negative
187,negative
188,negative
189,negative
190,negative
191,negative
192,negative
193,negative
194,negative
195,negative
196,negative
197,negative
198,negative
199,negative
210,negative
211,negative
212,negative
213,negative
214,negative
215,negative
216,negative
217,negative
218,negative
219,negative
220,negative
221,negative
222,negative
223,negative
224,negative
225,negative
226,negative
227,negative
228,negative
229,negative
230,negative
231,negative
232,negative
233,negative
234,negative
235,negative
236,negative
237,negative
238,negative
239,negative
240,negative
241,negative
242,negative
243,negative
244,negative
245,negative
246,negative
247,negative
248,negative
249,negative
250,negative
251,negative
252,negative
253,negative
254,negative
255,negative
256,negative
257,negative
258,negative
259,negative
260,negative
261,negative
262,negative
263,negative
264,negative
265,negative
266,negative
267,negative
268,negative
269,negative
270,negative
271,negative
272,negative
273,negative
274,negative
275,negative
276,negative
277,negative
278,negative
279,negative
280,negative
281,negative
282,negative
283,negative
284,negative
285,negative
286,negative
287,negative
288,negative
289,negative
290,negative
291,negative
292,negative
293,negative
294,negative
295,negative
296,negative
297,negative
298,negative
299,negative
310,negative
311,negative
312,negative
313,negative
314,negative
315,negative
316,negative
317,negative
318,negative
319,negative
320,negative
321,negative
322,negative
323,negative
324,negative
325,negative
326,negative
327,negative
328,negative
329,negative
330,negative
331,negative
332,negative
333,negative
334,negative
335,negative
336,negative
337,negative
338,negative
339,negative
340,negative
341,negative
342,negative
343,negative
344,negative
345,negative
346,negative
347,negative
348,negative
349,negative
350,negative
351,negative
352,negative
353,negative
354,negative
355,negative
356,negative
357,negative
358,negative
359,negative
360,negative
361,negative
362,negative
363,negative
364,negative
365,negative
366,negative
367,negative
368,negative
369,negative
370,negative
371,negative
372,negative
373,negative
374,negative
375,negative
376,negative
377,negative
378,negative
379,negative
380,negative
381,negative
382,negative
383,negative
384,negative
385,negative
386,negative
387,negative
388,negative
389,negative
390,negative
391,negative
392,negative
393,negative
394,negative
395,negative
396,negative
397,negative
398,negative
399,negative
410,negative
411,negative
412,negative
413,negative
414,negative
415,negative
416,negative
417,negative
418,negative
419,negative
420,negative
421,negative
422,negative
423,negative
424,negative
425,negative
426,negative
427,negative
428,negative
429,negative
430,negative
431,negative
432,negative
433,negative
434,negative
435,negative
436,negative
437,negative
438,negative
439,negative
440,negative
441,negative
442,negative
443,negative
444,negative
445,negative
446,negative
447,negative
448,negative
449,negative
450,negative
451,negative
452,negative
453,negative
454,negative
455,negative
456,negative
457,negative
458,negative
459,negative
460,negative
461,negative
462,negative
463,negative
464,negative
465,negative
466,negative
467,negative
468,negative
469,negative
470,negative
471,negative
472,negative
473,negative
474,negative
475,negative
476,negative
477,negative
478,negative
479,negative
480,negative
481,negative
482,negative
483,negative
484,negative
485,negative
486,negative
487,negative
488,negative
489,negative
490,negative
491,negative
492,negative
493,negative
494,negative
495,negative
496,negative
497,negative
498,negative
499,negative
510,neutral
511,neutral
512,neutral
513,neutral
514,neutral
515,neutral
516,neutral
517,neutral
518,neutral
519,neutral
520,neutral
521,neutral
522,neutral
523,neutral
524,neutral
525,neutral
526,neutral
527,neutral
528,neutral
529,neutral
530,neutral
531,neutral
532,neutral
533,neutral
534,neutral
535,neutral
536,neutral
537,neutral
538,neutral
539,neutral
540,neutral
541,neutral
542,neutral
543,neutral
544,neutral
545,neutral
546,neutral
547,neutral
548,neutral
549,neutral
550,neutral
551,neutral
552,neutral
553,neutral
554,neutral
555,neutral
556,neutral
557,neutral
558,neutral
559,neutral
560,neutral
561,neutral
562,neutral
563,neutral
564,neutral
565,neutral
566,neutral
567,neutral
568,neutral
569,neutral
570,neutral
571,neutral
572,neutral
573,neutral
574,neutral
575,neutral
576,neutral
577,neutral
578,neutral
579,neutral
580,neutral
581,neutral
582,neutral
583,neutral
584,neutral
585,neutral
586,neutral
587,neutral
588,neutral
589,neutral
590,neutral
591,neutral
592,neutral
593,neutral
594,neutral
595,neutral
596,neutral
597,neutral
598,neutral
599,neutral
610,negative
611,negative
612,negative
613,negative
614,negative
615,negative
616,negative
617,negative
618,negative
619,negative
620,negative
621,negative
622,negative
623,negative
624,negative
625,negative
626,negative
627,negative
628,negative
629,negative
630,negative
631,negative
632,negative
633,negative
634,negative
635,negative
636,negative
637,negative
638,negative
639,negative
640,negative
641,negative
642,negative
643,negative
644,negative
645,negative
646,negative
647,negative
648,negative
649,negative
650,negative
651,negative
652,negative
653,negative
654,negative
655,negative
656,negative
657,negative
658,negative
659,negative
660,negative
661,negative
662,negative
663,negative
664,negative
665,negative
666,negative
667,negative
668,negative
669,negative
670,negative
671,negative
672,negative
673,negative
674,negative
675,negative
676,negative
677,negative
678,negative
679,negative
680,negative
681,negative
682,negative
683,negative
684,negative
685,negative
686,negative
687,negative
688,negative
689,negative
690,negative
691,negative
692,negative
693,negative
694,negative
695,negative
696,negative
697,negative
698,negative
699,negative
710,negative
711,negative
712,negative
713,negative
714,negative
715,negative
716,negative
717,negative
718,negative
719,negative
720,negative
721,negative
722,negative
723,negative
724,negative
725,negative
726,negative
727,negative
728,negative
729,negative
730,negative
731,negative
732,negative
733,negative
734,negative
735,negative
736,negative
737,negative
738,negative
739,negative
740,negative
741,negative
742,negative
743,negative
744,negative
745,negative
746,negative
747,negative
748,negative
749,negative
750,negative
751,negative
752,negative
753,negative
754,negative
755,negative
756,negative
757,negative
758,negative
759,negative
760,negative
761,negative
762,negative
763,negative
764,negative
765,negative
766,negative
767,negative
768,negative
769,negative
770,negative
771,negative
772,negative
773,negative
774,negative
775,negative
776,negative
777,negative
778,negative
779,negative
780,negative
781,negative
782,negative
783,negative
784,negative
785,negative
786,negative
787,negative
788,negative
789,negative
790,negative
791,negative
792,negative
793,negative
794,negative
795,negative
796,negative
797,negative
798,negative
799,negative
810,positive
811,positive
812,positive
813,positive
814,positive
815,positive
816,positive
817,positive
818,positive
819,positive
820,positive
821,positive
822,positive
823,positive
824,positive
825,positive
826,positive
827,positive
828,positive
829,positive
830,positive
831,positive
832,positive
833,positive
834,positive
835,positive
836,positive
837,positive
838,positive
839,positive
840,positive
841,positive
842,positive
843,positive
844,positive
845,positive
846,positive
847,positive
848,positive
849,positive
850,positive
851,positive
852,positive
853,positive
854,positive
855,positive
856,positive
857,positive
858,positive
859,positive
860,positive
861,positive
862,positive
863,positive
864,positive
865,positive
866,positive
867,positive
868,positive
869,positive
870,positive
871,positive
872,positive
873,positive
874,positive
875,positive
876,positive
877,positive
878,positive
879,positive
880,positive
881,positive
882,positive
883,positive
884,positive
885,positive
886,positive
887,positive
888,positive
889,positive
890,positive
891,positive
892,positive
893,positive
894,positive
895,positive
896,positive
897,positive
898,positive
899,positive
910,negative
911,negative
912,negative
913,negative
914,negative
915,negative
916,negative
917,negative
918,negative
919,negative
920,negative
921,negative
922,negative
923,negative
924,negative
925,negative
926,negative
927,negative
928,negative
929,negative
930,negative
931,negative
932,negative
933,negative
934,negative
935,negative
936,negative
937,negative
938,negative
939,negative
940,negative
941,negative
942,negative
943,negative
944,negative
945,negative
946,negative
947,negative
948,negative
949,negative
950,negative
951,negative
952,negative
953,negative
954,negative
955,negative
956,negative
957,negative
958,negative
959,negative
960,negative
961,negative
962,negative
963,negative
964,negative
965,negative
966,negative
967,negative
968,negative
969,negative
970,negative
971,negative
972,negative
973,negative
974,negative
975,negative
976,negative
977,negative
978,negative
979,negative
980,negative
981,negative
982,negative
983,negative
984,negative
985,negative
986,negative
987,negative
988,negative
989,negative
990,negative
991,negative
992,negative
993,negative
994,negative
995,negative
996,negative
997,negative
998,negative
999,negative
1010,negative
1011,negative
1012,negative
1013,negative
1014,negative
1015,negative
1016,negative
1017,negative
1018,negative
1019,negative
1020,negative
1021,negative
1022,negative
1023,negative
1024,negative
1025,negative
1026,negative
1027,negative
1028,negative
1029,negative
1030,negative
1031,negative
1032,negative
1033,negative
1034,negative
1035,negative
1036,negative
1037,negative
1038,negative
1039,negative
1040,negative
1041,negative
1042,negative
1043,negative
1044,negative
1045,negative
1046,negative
1047,negative
1048,negative
1049,negative
1050,negative
1051,negative
1052,negative
1053,negative
1054,negative
1055,negative
1056,negative
1057,negative
1058,negative
1059,negative
1060,negative
1061,negative
1062,negative
1063,negative
1064,negative
1065,negative
1066,negative
1067,negative
1068,negative
1069,negative
1070,negative
1071,negative
1072,negative
1073,negative
1074,negative
1075,negative
1076,negative
1077,negative
1078,negative
1079,negative
1080,negative
1081,negative
1082,negative
1083,negative
1084,negative
1085,negative
1086,negative
1087,negative
1088,negative
1089,negative
1090,negative
1091,negative
1092,negative
1093,negative
1094,negative
1095,negative
1096,negative
1097,negative
1098,negative
1099,negative
1100,negative
1101,negative
1102,negative
1103,negative
1104,negative
1105,negative
1106,negative
1107,negative
1108,negative
1115,negative
1116,negative
1117,negative
1118,negative
1119,negative
1120,negative
1121,negative
1122,negative
1123,negative
1124,negative
1125,negative
1126,negative
1127,negative
1128,negative
1129,negative
1130,negative
1131,negative
1132,negative
1133,negative
1134,negative
1135,negative
1136,negative
1137,negative
1138,negative
1139,negative
1140,negative
1141,negative
1142,negative
1143,negative
1144,negative
1145,negative
1146,negative
1147,negative
1148,negative
1149,negative
1150,negative
1151,negative
1152,negative
1153,negative
1154,negative
1155,negative
1156,negative
1157,negative
1158,negative
1159,negative
1160,negative
1161,negative
1162,negative
1163,negative
1164,negative
1165,negative
1166,negative
1167,negative
1168,negative
1169,negative
1170,negative
1171,negative
1172,negative
1173,negative
1174,negative
1175,negative
1176,negative
1177,negative
1178,negative
1179,negative
1180,negative
1181,negative
1182,negative
1183,negative
1184,negative
1185,negative
1186,negative
1187,negative
1188,negative
1189,negative
1190,negative
1200,positive
1201,positive
1202,positive
1203,positive
1204,positive
1205,positive
1206,positive
1207,positive
1208,positive
1209,positive
1259,negative
1260,negative
1261,negative
1262,negative
1263,negative
1264,negative
1265,negative
1266,negative
1267,negative
1268,negative
1269,negative
1270,negative
1271,negative
1272,negative
1273,negative
1274,negative
1275,negative
1276,negative
1277,negative
1278,negative
1279,negative
1280,negative
1281,negative
1282,negative
1283,negative
1284,negative
1285,negative
1286,negative
1287,negative
1288,negative
1289,negative
1290,negative
1291,negative
1292,negative
1293,negative
1294,negative
1295,negative
1296,negative
1297,negative
1298,negative
1299,negative
1310,positive
1311,positive
1312,positive
1313,positive
1314,positive
1315,positive
1316,positive
1317,positive
1318,positive
1319,positive
1320,positive
1321,positive
1322,positive
1323,positive
1324,positive
1325,positive
1326,positive
1327,positive
1328,positive
1329,positive
1330,positive
1331,positive
1332,positive
1333,positive
1334,positive
1335,positive
1336,positive
1337,positive
1338,positive
1339,positive
1340,positive
1341,positive
1342,positive
1343,positive
1344,positive
1345,positive
1346,positive
1347,positive
1348,positive
1349,positive
1350,positive
1351,positive
1352,positive
1353,positive
1354,positive
1355,positive
1356,positive
1357,positive
1358,positive
1359,positive
1360,positive
1361,positive
1362,positive
1363,positive
1364,positive
1365,positive
1366,positive
1367,positive
1368,positive
1369,positive
1370,positive
1371,positive
1372,positive
1373,positive
1400,negative
1401,negative
1402,negative
1403,negative
1404,negative
1405,negative
1406,negative
1407,negative
1408,negative
1409,negative
1419,negative
1420,negative
1421,negative
1422,negative
1423,negative
1424,negative
1425,negative
1426,negative
1427,negative
1428,negative
1429,negative
1430,negative
1431,negative
1432,negative
1433,negative
1434,negative
1435,negative
1436,negative
1437,negative
1438,negative
1439,negative
1482,negative
1483,negative
1484,negative
1485,negative
1486,negative
1487,negative
1488,negative
1489,negative
1490,negative
1491,negative
1492,negative
1493,negative
1494,negative
1495,negative
1496,negative
1497,negative
1498,negative
1499,negative
1510,negative
1511,negative
1512,negative
1513,negative
1551,negative
1552,negative
1553,negative
1554,negative
1555,negative
1556,negative
1557,negative
1558,negative
1559,negative
1560,negative
1561,negative
1562,negative
1563,negative
1564,negative
1565,negative
1566,negative
1567,negative
1568,negative
1569,negative
1570,negative
1571,negative
1572,negative
1573,negative
1574,negative
1575,negative
1576,negative
1577,negative
1578,negative
1579,negative
1580,negative
1581,negative
1582,negative
1583,negative
1584,negative
1585,negative
1586,negative
1587,negative
1588,negative
1589,negative
1590,negative
1591,negative
1592,negative
1593,negative
1594,negative
1595,negative
1596,negative
1597,negative
1598,negative
1599,negative
2100,negative
2101,negative
2102,negative
2103,negative
2104,negative
2105,negative
2106,negative
2107,negative
2108,negative
2190,positive
2191,positive
2192,positive
2193,positive
2194,positive
2195,positive
2196,positive
2197,positive
2198,positive
2199,positive
2200,positive
2201,positive
2202,positive
2203,positive
2204,positive
2205,positive
2206,positive
2207,positive
2208,positive
2209,positive
2210,positive
2211,positive
2212,positive
2213,positive
2214,positive
2215,positive
2216,positive
2217,positive
2218,positive
2219,positive
2220,positive
2221,positive
2222,positive
2223,positive
2224,positive
2225,positive
2226,positive
2227,positive
2228,positive
2229,positive
2230,positive
2231,positive
2232,positive
2233,positive
2234,positive
2235,positive
2236,positive
2237,positive
2238,positive
2239,positive
2240,positive
2241,positive
2242,positive
2243,positive
2244,positive
2245,positive
2246,positive
2247,positive
2395,negative
2396,negative
2397,negative
2398,negative
2399,negative
2400,negative
2401,negative
2402,negative
2403,negative
2404,negative
2405,negative
2406,negative
2407,negative
2408,negative
2409,negative
2410,negative
2411,negative
2412,negative
2413,negative
2414,negative
2415,negative
2416,negative
2417,negative
2418,negative
2419,negative
2420,negative
2421,negative
2422,negative
2423,negative
2424,negative
2425,negative
2426,negative
2427,negative
2428,negative
2466,negative
2467,negative
2468,negative
2469,negative
2470,negative
2471,negative
2472,negative
2473,negative
2474,negative
2475,negative
2476,negative
2477,negative
2478,negative
2479,negative
2480,negative
2481,negative
2482,negative
2483,negative
2484,negative
2485,negative
2486,negative
2487,negative
2488,negative
2489,negative
2490,negative
2491,negative
2492,negative
2493,negative
2494,negative
2495,negative
2496,negative
2547,negative
2548,negative
2549,negative
2550,negative
2551,negative
2552,negative
2553,negative
2554,negative
2555,negative
2556,negative
2557,negative
2558,negative
2559,negative
2560,negative
2561,negative
2562,negative
2563,negative
2564,negative
2565,negative
2566,negative
2567,negative
2568,negative
2569,negative
2570,negative
2571,negative
2572,negative
2573,negative
2574,negative
2575,negative
2576,negative
2577,negative
2578,negative
3100,negative
3101,negative
3102,negative
3103,negative
3104,negative
3105,negative
3106,negative
3107,negative
3108,negative
3109,negative
3155,negative
3156,negative
3157,negative
3158,negative
3159,negative
3160,negative
3161,negative
3162,negative
3163,negative
3164,negative
3165,negative
3166,negative
3167,negative
3168,negative
3169,negative
3170,negative
3171,negative
3172,negative
3173,negative
3174,negative
3175,negative
3176,negative
3177,negative
3178,negative
3179,negative
3180,negative
3181,negative
3182,negative
3183,negative
3184,negative
3185,negative
3240,positive
3241,positive
3242,positive
3243,positive
3244,positive
3245,positive
3246,positive
3247,positive
3248,positive
3249,positive
3250,positive
3251,positive
3252,positive
3253,positive
3254,positive
3255,positive
3256,positive
3257,positive
3258,positive
3259,positive
3260,positive
3261,positive
3262,positive
3263,positive
3264,positive
3265,positive
3266,positive
3267,positive
3268,positive
3269,positive
3270,positive
3271,positive
3272,positive
3273,positive
3274,positive
3333,positive
3334,positive
3335,positive
3336,positive
3337,positive
3338,positive
3339,positive
3340,positive
3341,positive
3342,positive
3343,positive
3344,positive
3345,positive
3346,positive
3347,positive
3348,positive
3349,positive
3350,positive
3351,positive
3352,positive
3353,positive
3354,positive
3355,positive
3356,positive
3357,positive
3358,positive
3359,positive
3360,positive
3361,positive
3362,positive
3363,positive
3364,positive
3365,positive
3366,positive
3367,positive
3368,positive
3369,positive
3370,positive
3371,positive
3372,positive
3373,positive
3374,positive
3375,positive
3376,positive
3377,positive
3378,positive
3379,positive
3380,positive
3381,positive
3382,positive
3383,positive
3384,positive
3385,positive
3386,positive
3387,positive
3388,positive
3389,positive
3390,positive
3540,negative
3541,negative
3542,negative
3543,negative
3544,negative
3545,negative
3546,negative
3547,negative
3548,negative
3549,negative
3550,negative
3551,negative
3552,negative
3553,negative
3554,negative
3555,negative
3556,negative
3557,negative
3558,negative
3559,negative
3560,negative
3561,negative
3562,negative
3563,negative
3564,negative
3565,negative
3566,negative
3567,negative
3568,negative
3569,negative
3570,negative
3571,negative
3572,negative
4100,negative
4101,negative
4102,negative
4103,negative
4104,negative
4105,negative
4106,negative
4107,negative
4108,negative
4109,negative
4110,negative
4111,negative
4112,negative
4113,negative
4159,negative
4160,negative
4161,negative
4162,negative
4163,negative
4164,negative
4165,negative
4166,negative
4167,negative
4168,negative
4169,negative
4170,negative
4171,negative
4172,negative
4173,negative
4174,negative
4175,negative
4176,negative
4177,negative
4178,negative
4179,negative
4180,negative
4181,negative
4182,negative
4183,negative
4184,negative
4185,negative
4186,negative
4187,negative
4188,negative
4189,negative
4241,negative
4242,negative
4243,negative
4244,negative
4245,negative
4246,negative
4247,negative
4248,negative
4249,negative
4250,negative
4251,negative
4252,negative
4253,negative
4254,negative
4255,negative
4256,negative
4257,negative
4258,negative
4259,negative
4260,negative
4261,negative
4262,negative
4263,negative
4264,negative
4265,negative
4266,negative
4267,negative
4268,negative
4269,negative
4270,negative
4271,negative
4272,negative
4273,negative
4274,negative
4333,positive
4334,positive
4335,positive
4336,positive
4337,positive
4338,positive
4339,positive
4340,positive
4341,positive
4342,positive
4343,positive
4344,positive
4345,positive
4346,positive
4347,positive
4348,positive
4349,positive
4350,positive
4351,positive
4352,positive
4353,positive
4354,positive
4355,positive
4356,positive
4357,positive
4358,positive
4359,positive
4360,positive
4361,positive
4362,positive
4363,positive
4364,positive
4365,positive
4366,positive
4367,positive
4368,positive
4369,positive
4370,positive
4371,positive
4372,positive
4373,positive
4374,positive
4375,positive
4376,positive
4377,positive
4378,positive
4379,positive
4380,positive
4381,positive
4382,positive
4383,positive
4384,positive
4385,positive
4386,positive
4387,positive
4388,positive
4389,positive
4390,positive
4520,negative
4521,negative
4522,negative
4523,negative
4524,negative
4525,negative
4526,negative
4527,negative
4528,negative
4529,negative
4530,negative
4531,negative
4532,negative
4533,negative
4534,negative
4535,negative
4536,negative
4537,negative
4538,negative
4539,negative
4540,negative
4541,negative
4542,negative
4543,negative
4544,negative
4545,negative
4546,negative
4547,negative
4548,negative
4549,negative
4550,negative
4551,negative
4552,negative
4553,negative
5100,neutral
5101,neutral
5102,neutral
5103,neutral
5104,neutral
5105,neutral
5106,neutral
5107,neutral
5108,neutral
5109,neutral
5110,neutral
5111,neutral
5112,neutral
5180,positive
5181,positive
5182,positive
5183,positive
5184,positive
5185,positive
5186,positive
5187,positive
5188,positive
5189,positive
5190,positive
5191,positive
5192,positive
5193,positive
5194,positive
5195,positive
5196,positive
5197,positive
5198,positive
5199,positive
5200,positive
5201,positive
5202,positive
5203,positive
5204,positive
5205,positive
5206,positive
5207,positive
5208,positive
5209,positive
5210,positive
5211,positive
5212,positive
5213,positive
5214,positive
5215,positive
5216,positive
5217,positive
5218,positive
5219,positive
5220,positive
5221,positive
5222,positive
5223,positive
5224,positive
5225,positive
5226,positive
5227,positive
5228,positive
5229,positive
5230,positive
5231,positive
5232,positive
5233,positive
5234,positive
5235,positive
5236,positive
5237,positive
5238,positive
5388,neutral
5389,neutral
5390,neutral
5391,neutral
5392,neutral
5393,neutral
5394,neutral
5395,neutral
5396,neutral
5397,neutral
5398,neutral
5399,neutral
5400,neutral
5401,neutral
5402,neutral
5403,neutral
5404,neutral
5405,neutral
5406,neutral
5407,neutral
5408,neutral
5409,neutral
5410,neutral
5411,neutral
5412,neutral
5413,neutral
5414,neutral
5415,neutral
5416,neutral
5417,neutral
5418,neutral
5419,neutral
5420,neutral
5421,neutral
5491,neutral
5492,neutral
5493,neutral
5494,neutral
5495,neutral
5496,neutral
5497,neutral
5498,neutral
5499,neutral
5500,neutral
5501,neutral
5502,neutral
5503,neutral
5504,neutral
5505,neutral
5506,neutral
5507,neutral
5508,neutral
5509,neutral
5510,neutral
5511,neutral
5512,neutral
5513,neutral
5514,neutral
5515,neutral
5516,neutral
5517,neutral
5518,neutral
5519,neutral
5520,neutral
5521,neutral
5522,neutral
5587,negative
5588,negative
5589,negative
5590,negative
5591,negative
5592,negative
5593,negative
5594,negative
5595,negative
5596,negative
5597,negative
5598,negative
5599,negative
5600,negative
5601,negative
5602,negative
5603,negative
5604,negative
5605,negative
5606,negative
5607,negative
5608,negative
5609,negative
5610,negative
5611,negative
5612,negative
5613,negative
5614,negative
5615,negative
5616,negative
5617,negative
5618,negative
5619,negative
6100,negative
6101,negative
6102,negative
6103,negative
6104,negative
6105,negative
6106,negative
6107,negative
6108,negative
6109,negative
6110,negative
6111,negative
6112,negative
6145,positive
6146,positive
6147,positive
6148,positive
6149,positive
6150,positive
6151,positive
6152,positive
6153,positive
6154,positive
6155,positive
6156,positive
6157,positive
6158,positive
6159,positive
6160,positive
6161,positive
6162,positive
6163,positive
6164,positive
6165,positive
6166,positive
6167,positive
6168,positive
6169,positive
6170,positive
6171,positive
6172,positive
6173,positive
6174,positive
6175,positive
6176,positive
6211,negative
6212,negative
6213,negative
6214,negative
6215,negative
6216,negative
6217,negative
6218,negative
6219,negative
6220,negative
6221,negative
6222,negative
6223,negative
6224,negative
6225,negative
6226,negative
6227,negative
6228,negative
6229,negative
6230,negative
6231,negative
6232,negative
6233,negative
6234,negative
6235,negative
6236,negative
6237,negative
6238,negative
6239,negative
6240,negative
6241,negative
6242,negative
6243,negative
6244,negative
6300,positive
6301,positive
6302,positive
6303,positive
6304,positive
6305,positive
6306,positive
6307,positive
6308,positive
6309,positive
6310,positive
6311,positive
6312,positive
6313,positive
6314,positive
6315,positive
6316,positive
6317,positive
6318,positive
6319,positive
6320,positive
6321,positive
6322,positive
6323,positive
6324,positive
6325,positive
6326,positive
6327,positive
6328,positive
6329,positive
6330,positive
6331,positive
6332,positive
6333,positive
6334,positive
6335,positive
6336,positive
6337,positive
6338,positive
6339,positive
6340,positive
6341,positive
6342,positive
6343,positive
6344,positive
6345,positive
6346,positive
6347,positive
6348,positive
6349,positive
6350,positive
6351,positive
6352,positive
6353,positive
6354,positive
6355,positive
6356,positive
6357,positive
6456,negative
6457,negative
6458,negative
6459,negative
6460,negative
6461,negative
6462,negative
6463,negative
6464,negative
6465,negative
6466,negative
6467,negative
6468,negative
6469,negative
6470,negative
6471,negative
6472,negative
6473,negative
6474,negative
6475,negative
6476,negative
6477,negative
6478,negative
6479,negative
6480,negative
6481,negative
6482,negative
6483,negative
6484,negative
6485,negative
6486,negative
6487,negative
6488,negative
7100,negative
7101,negative
7102,negative
7103,negative
7104,negative
7105,negative
7106,negative
7107,negative
7108,negative
7109,negative
7110,negative
7151,negative
7152,negative
7153,negative
7154,negative
7155,negative
7156,negative
7157,negative
7158,negative
7159,negative
7160,negative
7161,negative
7162,negative
7163,negative
7164,negative
7165,negative
7166,negative
7167,negative
7168,negative
7169,negative
7170,negative
7171,negative
7172,negative
7173,negative
7174,negative
7175,negative
7176,negative
7177,negative
7178,negative
7179,negative
7180,negative
7181,negative
7216,negative
7217,negative
7218,negative
7219,negative
7220,negative
7221,negative
7222,negative
7223,negative
7224,negative
7225,negative
7226,negative
7227,negative
7228,negative
7229,negative
7230,negative
7231,negative
7232,negative
7233,negative
7234,negative
7235,negative
7236,negative
7237,negative
7238,negative
7239,negative
7240,negative
7241,negative
7242,negative
7243,negative
7244,negative
7245,negative
7246,negative
7247,negative
7248,negative
7249,negative
7314,positive
7315,positive
7316,positive
7317,positive
7318,positive
7319,positive
7320,positive
7321,positive
7322,positive
7323,positive
7324,positive
7325,positive
7326,positive
7327,positive
7328,positive
7329,positive
7330,positive
7331,positive
7332,positive
7333,positive
7334,positive
7335,positive
7336,positive
7337,positive
7338,positive
7339,positive
7340,positive
7341,positive
7342,positive
7343,positive
7344,positive
7345,positive
7346,positive
7347,positive
7348,positive
7349,positive
7350,positive
7351,positive
7352,positive
7353,positive
7354,positive
7355,positive
7356,positive
7357,positive
7358,positive
7359,positive
7360,positive
7361,positive
7362,positive
7363,positive
7364,positive
7365,positive
7366,positive
7367,positive
7368,positive
7369,positive
7370,positive
7371,positive
7372,positive
7373,positive
7374,positive
7474,positive
7475,positive
7476,positive
7477,positive
7478,positive
7479,positive
7480,positive
7481,positive
7482,positive
7483,positive
7484,positive
7485,positive
7486,positive
7487,positive
7488,positive
7489,positive
7490,positive
7491,positive
7492,positive
7493,positive
7494,positive
7495,positive
7496,positive
7497,positive
7498,positive
7499,positive
7500,positive
7501,positive
7502,positive
7503,positive
7504,positive
7505,positive
7506,positive
7507,positive
8100,positive
8101,positive
8102,positive
8103,positive
8104,positive
8105,positive
8106,positive
8107,positive
8108,positive
8109,positive
8110,positive
8111,positive
8112,positive
8180,positive
8181,positive
8182,positive
8183,positive
8184,positive
8185,positive
8186,positive
8187,positive
8188,positive
8189,positive
8190,positive
8191,positive
8192,positive
8193,positive
8194,positive
8195,positive
8196,positive
8197,positive
8198,positive
8199,positive
8200,positive
8201,positive
8202,positive
8203,positive
8204,positive
8205,positive
8206,positive
8207,positive
8208,positive
8209,positive
8210,positive
8211,positive
8212,positive
8213,positive
8214,positive
8215,positive
8216,positive
8217,positive
8218,positive
8219,positive
8220,positive
8221,positive
8222,positive
8223,positive
8224,positive
8225,positive
8226,positive
8227,positive
8228,positive
8229,positive
8230,positive
8231,positive
8232,positive
8233,positive
8234,positive
8235,positive
8236,positive
8237,positive
8238,positive
8344,negative
8345,negative
8346,negative
8347,negative
8348,negative
8349,negative
8350,negative
8351,negative
8352,negative
8353,negative
8354,negative
8355,negative
8356,negative
8357,negative
8358,negative
8359,negative
8360,negative
8361,negative
8362,negative
8363,negative
8364,negative
8365,negative
8366,negative
8367,negative
8368,negative
8369,negative
8370,negative
8371,negative
8372,negative
8373,negative
8374,negative
8375,negative
8376,negative
8377,negative
8399,positive
8400,positive
8401,positive
8402,positive
8403,positive
8404,positive
8405,positive
8406,positive
8407,positive
8408,positive
8409,positive
8410,positive
8411,positive
8412,positive
8413,positive
8414,positive
8415,positive
8416,positive
8417,positive
8418,positive
8419,positive
8420,positive
8421,positive
8422,positive
8423,positive
8424,positive
8425,positive
8426,positive
8427,positive
8428,positive
8429,positive
8462,negative
8463,negative
8464,negative
8465,negative
8466,negative
8467,negative
8468,negative
8469,negative
8470,negative
8471,negative
8472,negative
8473,negative
8474,negative
8475,negative
8476,negative
8477,negative
8478,negative
8479,negative
8480,negative
8481,negative
8482,negative
8483,negative
8484,negative
8485,negative
8486,negative
8487,negative
8488,negative
8489,negative
8490,negative
8491,negative
8492,negative
8493,negative
8494,negative
8495,negative
9100,negative
9101,negative
9102,negative
9103,negative
9104,negative
9105,negative
9106,negative
9107,negative
9108,negative
9109,negative
9110,negative
9111,negative
9112,negative
9151,negative
9152,negative
9153,negative
9154,negative
9155,negative
9156,negative
9157,negative
9158,negative
9159,negative
9160,negative
9161,negative
9162,negative
9163,negative
9164,negative
9165,negative
9166,negative
9167,negative
9168,negative
9169,negative
9170,negative
9171,negative
9172,negative
9173,negative
9174,negative
9175,negative
9176,negative
9177,negative
9178,negative
9179,negative
9180,negative
9181,negative
9216,negative
9217,negative
9218,negative
9219,negative
9220,negative
9221,negative
9222,negative
9223,negative
9224,negative
9225,negative
9226,negative
9227,negative
9228,negative
9229,negative
9230,negative
9231,negative
9232,negative
9233,negative
9234,negative
9235,negative
9236,negative
9237,negative
9238,negative
9239,negative
9240,negative
9241,negative
9242,negative
9243,negative
9244,negative
9245,negative
9246,negative
9247,negative
9248,negative
9249,negative
9310,positive
9311,positive
9312,positive
9313,positive
9314,positive
9315,positive
9316,positive
9317,positive
9318,positive
9319,positive
9320,positive
9321,positive
9322,positive
9323,positive
9324,positive
9325,positive
9326,positive
9327,positive
9328,positive
9329,positive
9330,positive
9331,positive
9332,positive
9333,positive
9334,positive
9335,positive
9336,positive
9337,positive
9338,positive
9339,positive
9340,positive
9341,positive
9342,positive
9343,positive
9344,positive
9345,positive
9346,positive
9347,positive
9348,positive
9349,positive
9350,positive
9351,positive
9352,positive
9353,positive
9354,positive
9355,positive
9356,positive
9357,positive
9358,positive
9359,positive
9360,positive
9361,positive
9362,positive
9363,positive
9364,positive
9365,positive
9366,positive
9367,positive
9368,positive
9369,positive
9370,positive
9371,positive
9372,positive
9373,positive
9374,positive
9375,positive
9376,positive
9483,negative
9484,negative
9485,negative
9486,negative
9487,negative
9488,negative
9489,negative
9490,negative
9491,negative
9492,negative
9493,negative
9494,negative
9495,negative
9496,negative
9497,negative
9498,negative
9499,negative
9500,negative
9501,negative
9502,negative
9503,negative
9504,negative
9505,negative
9506,negative
9507,negative
9508,negative
9509,negative
9510,negative
9511,negative
9512,negative
9513,negative
9514,negative
9515,negative
9516,negative
10100,negative
10101,negative
10102,negative
10103,negative
10104,negative
10105,negative
10106,negative
10107,negative
10108,negative
10109,negative
10110,negative
10111,negative
10112,negative
10183,positive
10184,positive
10185,positive
10186,positive
10187,positive
10188,positive
10189,positive
10190,positive
10191,positive
10192,positive
10193,positive
10194,positive
10195,positive
10196,positive
10197,positive
10198,positive
10199,positive
10200,positive
10201,positive
10202,positive
10203,positive
10204,positive
10205,positive
10206,positive
10207,positive
10208,positive
10209,positive
10210,positive
10211,positive
10212,positive
10213,positive
10214,positive
10215,positive
10216,positive
10217,positive
10218,positive
10219,positive
10220,positive
10221,positive
10222,positive
10223,positive
10224,positive
10225,positive
10226,positive
10227,positive
10228,positive
10229,positive
10230,positive
10231,positive
10232,positive
10233,positive
10234,positive
10235,positive
10236,positive
10237,positive
10238,positive
10239,positive
10240,positive
10241,positive
10242,positive
10243,positive
10244,positive
10349,negative
10350,negative
10351,negative
10352,negative
10353,negative
10354,negative
10355,negative
10356,negative
10357,negative
10358,negative
10359,negative
10360,negative
10361,negative
10362,negative
10363,negative
10364,negative
10365,negative
10366,negative
10367,negative
10368,negative
10369,negative
10370,negative
10371,negative
10372,negative
10373,negative
10374,negative
10375,negative
10376,negative
10377,negative
10378,negative
10379,negative
10380,negative
10381,negative
10382,negative
10403,neutral
10404,neutral
10405,neutral
10406,neutral
10407,neutral
10408,neutral
10409,neutral
10410,neutral
10411,neutral
10412,neutral
10413,neutral
10414,neutral
10415,neutral
10416,neutral
10417,neutral
10418,neutral
10419,neutral
10420,neutral
10421,neutral
10422,neutral
10423,neutral
10424,neutral
10425,neutral
10426,neutral
10427,neutral
10428,neutral
10429,neutral
10430,neutral
10431,neutral
10432,neutral
10433,neutral
10461,negative
10462,negative
10463,negative
10464,negative
10465,negative
10466,negative
10467,negative
10468,negative
10469,negative
10470,negative
10471,negative
10472,negative
10473,negative
10474,negative
10475,negative
10476,negative
10477,negative
10478,negative
10479,negative
10480,negative
10481,negative
10482,negative
10483,negative
10484,negative
10485,negative
10486,negative
10487,negative
10488,negative
10489,negative
10490,negative
10491,negative
10492,negative
10493,negative
10494,negative
11100,negative
11101,negative
11102,negative
11103,negative
11104,negative
11105,negative
11106,negative
11107,negative
11108,negative
11109,negative
11110,negative
11111,negative
11112,negative
11158,negative
11159,negative
11160,negative
11161,negative
11162,negative
11163,negative
11164,negative
11165,negative
11166,negative
11167,negative
11168,negative
11169,negative
11170,negative
11171,negative
11172,negative
11173,negative
11174,negative
11175,negative
11176,negative
11177,negative
11178,negative
11179,negative
11180,negative
11181,negative
11182,negative
11183,negative
11184,negative
11185,negative
11186,negative
11187,negative
11188,negative
11189,negative
11226,negative
11227,negative
11228,negative
11229,negative
11230,negative
11231,negative
11232,negative
11233,negative
11234,negative
11235,negative
11236,negative
11237,negative
11238,negative
11239,negative
11240,negative
11241,negative
11242,negative
11243,negative
11244,negative
11245,negative
11246,negative
11247,negative
11248,negative
11249,negative
11250,negative
11251,negative
11252,negative
11253,negative
11254,negative
11255,negative
11256,negative
11257,negative
11258,negative
11259,negative
11318,positive
11319,positive
11320,positive
11321,positive
11322,positive
11323,positive
11324,positive
11325,positive
11326,positive
11327,positive
11328,positive
11329,positive
11330,positive
11331,positive
11332,positive
11333,positive
11334,positive
11335,positive
11336,positive
11337,positive
11338,positive
11339,positive
11340,positive
11341,positive
11342,positive
11343,positive
11344,positive
11345,positive
11346,positive
11347,positive
11348,positive
11349,positive
11350,positive
11351,positive
11352,positive
11353,positive
11354,positive
11355,positive
11356,positive
11357,positive
11358,positive
11359,positive
11360,positive
11361,positive
11362,positive
11363,positive
11364,positive
11365,positive
11366,positive
11367,positive
11368,positive
11369,positive
11370,positive
11371,positive
11372,positive
11373,positive
11374,positive
11375,positive
11376,positive
11377,positive
11486,positive
11487,positive
11488,positive
11489,positive
11490,positive
11491,positive
11492,positive
11493,positive
11494,positive
11495,positive
11496,positive
11497,positive
11498,positive
11499,positive
11500,positive
11501,positive
11502,positive
11503,positive
11504,positive
11505,positive
11506,positive
11507,positive
11508,positive
11509,positive
11510,positive
11511,positive
11512,positive
11513,positive
11514,positive
11515,positive
11516,positive
11517,positive
11518,positive
11519,positive
12100,negative
12101,negative
12102,negative
12103,negative
12104,negative
12105,negative
12106,negative
12107,negative
12108,negative
12109,negative
12110,negative
12111,negative
12112,negative
12188,positive
12189,positive
12190,positive
12191,positive
12192,positive
12193,positive
12194,positive
12195,positive
12196,positive
12197,positive
12198,positive
12199,positive
12200,positive
12201,positive
12202,positive
12203,positive
12204,positive
12205,positive
12206,positive
12207,positive
12208,positive
12209,positive
12210,positive
12211,positive
12212,positive
12213,positive
12214,positive
12215,positive
12216,positive
12217,positive
12218,positive
12219,positive
12220,positive
12221,positive
12222,positive
12223,positive
12224,positive
12225,positive
12226,positive
12227,positive
12228,positive
12229,positive
12230,positive
12231,positive
12232,positive
12233,positive
12234,positive
12235,positive
12236,positive
12237,positive
12238,positive
12239,positive
12240,positive
12241,positive
12242,positive
12243,positive
12244,positive
12245,positive
12246,positive
12247,positive
12248,positive
12249,positive
12363,negative
12364,negative
12365,negative
12366,negative
12367,negative
12368,negative
12369,negative
12370,negative
12371,negative
12372,negative
12373,negative
12374,negative
12375,negative
12376,negative
12377,negative
12378,negative
12379,negative
12380,negative
12381,negative
12382,negative
12383,negative
12384,negative
12385,negative
12386,negative
12387,negative
12388,negative
12389,negative
12390,negative
12391,negative
12392,negative
12393,negative
12394,negative
12395,negative
12429,negative
12430,negative
12431,negative
12432,negative
12433,negative
12434,negative
12435,negative
12436,negative
12437,negative
12438,negative
12439,negative
12440,negative
12441,negative
12442,negative
12443,negative
12444,negative
12445,negative
12446,negative
12447,negative
12448,negative
12449,negative
12450,negative
12451,negative
12452,negative
12453,negative
12454,negative
12455,negative
12456,negative
12457,negative
12458,negative
12459,negative
12495,negative
12496,negative
12497,negative
12498,negative
12499,negative
12500,negative
12501,negative
12502,negative
12503,negative
12504,negative
12505,negative
12506,negative
12507,negative
12508,negative
12509,negative
12510,negative
12511,negative
12512,negative
12513,negative
12514,negative
12515,negative
12516,negative
12517,negative
12518,negative
12519,negative
12520,negative
12521,negative
12522,negative
12523,negative
12524,negative
12525,negative
12526,negative
12527,negative
12528,negative
13100,positive
13101,positive
13102,positive
13103,positive
13104,positive
13105,positive
13106,positive
13107,positive
13108,positive
13109,positive
13110,positive
13111,positive
13151,positive
13152,positive
13153,positive
13154,positive
13155,positive
13156,positive
13157,positive
13158,positive
13159,positive
13160,positive
13161,positive
13162,positive
13163,positive
13164,positive
13165,positive
13166,positive
13167,positive
13168,positive
13169,positive
13170,positive
13171,positive
13172,positive
13173,positive
13174,positive
13175,positive
13176,positive
13177,positive
13178,positive
13179,positive
13180,positive
13181,positive
13215,negative
13216,negative
13217,negative
13218,negative
13219,negative
13220,negative
13221,negative
13222,negative
13223,negative
13224,negative
13225,negative
13226,negative
13227,negative
13228,negative
13229,negative
13230,negative
13231,negative
13232,negative
13233,negative
13234,negative
13235,negative
13236,negative
13237,negative
13238,negative
13239,negative
13240,negative
13241,negative
13242,negative
13243,negative
13244,negative
13245,negative
13246,negative
13247,negative
13248,negative
13299,positive
13300,positive
13301,positive
13302,positive
13303,positive
13304,positive
13305,positive
13306,positive
13307,positive
13308,positive
13309,positive
13310,positive
13311,positive
13312,positive
13313,positive
13314,positive
13315,positive
13316,positive
13317,positive
13318,positive
13319,positive
13320,positive
13321,positive
13322,positive
13323,positive
13324,positive
13325,positive
13326,positive
13327,positive
13328,positive
13329,positive
13330,positive
13331,positive
13332,positive
13333,positive
13334,positive
13335,positive
13336,positive
13337,positive
13338,positive
13339,positive
13340,positive
13341,positive
13342,positive
13343,positive
13344,positive
13345,positive
13346,positive
13347,positive
13348,positive
13349,positive
13350,positive
13351,positive
13352,positive
13353,positive
13354,positive
13355,positive
13356,positive
13357,positive
13358,positive
13359,positive
13360,positive
13361,positive
13458,negative
13459,negative
13460,negative
13461,negative
13462,negative
13463,negative
13464,negative
13465,negative
13466,negative
13467,negative
13468,negative
13469,negative
13470,negative
13471,negative
13472,negative
13473,negative
13474,negative
13475,negative
13476,negative
13477,negative
13478,negative
13479,negative
13480,negative
13481,negative
13482,negative
13483,negative
13484,negative
13485,negative
13486,negative
13487,negative
13488,negative
13489,negative
13490,negative
14100,negative
14101,negative
14102,negative
14103,negative
14104,negative
14105,negative
14106,negative
14107,negative
14108,negative
14109,negative
14110,negative
14111,negative
14112,negative
14189,positive
14190,positive
14191,positive
14192,positive
14193,positive
14194,positive
14195,positive
14196,positive
14197,positive
14198,positive
14199,positive
14200,positive
14201,positive
14202,positive
14203,positive
14204,positive
14205,positive
14206,positive
14207,positive
14208,positive
14209,positive
14210,positive
14211,positive
14212,positive
14213,positive
14214,positive
14215,positive
14216,positive
14217,positive
14218,positive
14219,positive
14220,positive
14221,positive
14222,positive
14223,positive
14224,positive
14225,positive
14226,positive
14227,positive
14228,positive
14229,positive
14230,positive
14231,positive
14232,positive
14233,positive
14234,positive
14235,positive
14236,positive
14237,positive
14238,positive
14239,positive
14240,positive
14241,positive
14242,positive
14243,positive
14244,positive
14245,positive
14246,positive
14247,positive
14248,positive
14249,positive
14250,positive
14362,negative
14363,negative
14364,negative
14365,negative
14366,negative
14367,negative
14368,negative
14369,negative
14370,negative
14371,negative
14372,negative
14373,negative
14374,negative
14375,negative
14376,negative
14377,negative
14378,negative
14379,negative
14380,negative
14381,negative
14382,negative
14383,negative
14384,negative
14385,negative
14386,negative
14387,negative
14388,negative
14389,negative
14390,negative
14391,negative
14392,negative
14393,negative
14394,negative
14395,negative
14423,positive
14424,positive
14425,positive
14426,positive
14427,positive
14428,positive
14429,positive
14430,positive
14431,positive
14432,positive
14433,positive
14434,positive
14435,positive
14436,positive
14437,positive
14438,positive
14439,positive
14440,positive
14441,positive
14442,positive
14443,positive
14444,positive
14445,positive
14446,positive
14447,positive
14448,positive
14449,positive
14450,positive
14451,positive
14452,positive
14453,positive
14492,negative
14493,negative
14494,negative
14495,negative
14496,negative
14497,negative
14498,negative
14499,negative
14500,negative
14501,negative
14502,negative
14503,negative
14504,negative
14505,negative
14506,negative
14507,negative
14508,negative
14509,negative
14510,negative
14511,negative
14512,negative
14513,negative
14514,negative
14515,negative
14516,negative
14517,negative
14518,negative
14519,negative
14520,negative
14521,negative
14522,negative
14523,negative
14524,negative
14525,negative
15100,negative
15101,negative
15102,negative
15103,negative
15104,negative
15105,negative
15106,negative
15107,negative
15108,negative
15109,negative
15110,negative
15111,negative
15112,negative
15165,negative
15166,negative
15167,negative
15168,negative
15169,negative
15170,negative
15171,negative
15172,negative
15173,negative
15174,negative
15175,negative
15176,negative
15177,negative
15178,negative
15179,negative
15180,negative
15181,negative
15182,negative
15183,negative
15184,negative
15185,negative
15186,negative
15187,negative
15188,negative
15189,negative
15190,negative
15191,negative
15192,negative
15193,negative
15194,negative
15195,negative
15196,negative
15246,negative
15247,negative
15248,negative
15249,negative
15250,negative
15251,negative
15252,negative
15253,negative
15254,negative
15255,negative
15256,negative
15257,negative
15258,negative
15259,negative
15260,negative
15261,negative
15262,negative
15263,negative
15264,negative
15265,negative
15266,negative
15267,negative
15268,negative
15269,negative
15270,negative
15271,negative
15272,negative
15342,positive
15343,positive
15344,positive
15345,positive
15346,positive
15347,positive
15348,positive
15349,positive
15350,positive
15351,positive
15352,positive
15353,positive
15354,positive
15355,positive
15356,positive
15357,positive
15358,positive
15359,positive
15360,positive
15361,positive
15362,positive
15363,positive
15364,positive
15365,positive
15366,positive
15367,positive
15368,positive
15369,positive
15370,positive
15371,positive
15372,positive
15373,positive
15374,positive
15375,positive
15376,positive
15377,positive
15378,positive
15379,positive
15380,positive
15381,positive
15382,positive
15383,positive
15384,positive
15385,positive
15386,positive
15387,positive
15388,positive
15389,positive
15390,positive
15391,positive
15392,positive
15393,positive
15394,positive
15395,positive
15396,positive
15397,positive
15398,positive
15399,positive
15400,positive
15401,positive
15402,positive
15403,positive
15404,positive
15405,positive
15406,positive
15407,positive
15408,positive
15517,negative
15518,negative
15519,negative
15520,negative
15521,negative
15522,negative
15523,negative
15524,negative
15525,negative
15526,negative
15527,negative
15528,negative
15529,negative
15530,negative
15531,negative
15532,negative
15533,negative
15534,negative
15535,negative
15536,negative
15537,negative
15538,negative
15539,negative
15540,negative
15541,negative
15542,negative
15543,negative
15544,negative
15545,negative
15546,negative
15547,negative
15548,negative
15549,negative
15550,negative
