segment_id,valence
10,positive
11,positive
12,positive
13,positive
14,positive
15,positive
16,positive
17,positive
18,positive
19,positive
20,positive
21,positive
22,positive
23,positive
24,positive
25,positive
26,positive
27,positive
28,positive
29,positive
30,positive
31,positive
32,positive
33,positive
34,positive
35,positive
36,positive
37,positive
38,positive
39,positive
40,positive
41,positive
42,positive
43,positive
44,positive
45,positive
46,positive
47,positive
48,positive
49,positive
50,positive
51,positive
52,positive
53,positive
54,positive
55,positive
56,positive
57,positive
58,positive
59,positive
60,positive
61,positive
62,positive
63,positive
64,positive
65,positive
66,positive
67,positive
68,positive
69,positive
70,positive
71,positive
72,positive
73,positive
74,positive
75,positive
76,positive
77,positive
78,positive
79,positive
80,neutral
81,neutral
82,neutral
83,neutral
84,neutral
85,neutral
86,neutral
87,neutral
88,neutral
89,neutral
90,positive
91,positive
92,positive
93,positive
94,positive
95,positive
96,positive
97,positive
98,positive
99,positive
100,negative
101,negative
102,negative
103,negative
104,negative
105,negative
106,negative
107,negative
108,negative
109,negative
160,positive
161,positive
162,positive
163,positive
164,positive
165,positive
166,positive
167,positive
168,positive
169,positive
170,positive
171,positive
172,positive
173,positive
174,positive
175,positive
176,positive
177,positive
178,positive
179,positive
180,positive
181,positive
182,positive
183,positive
184,positive
185,positive
186,positive
187,positive
188,positive
189,positive
190,positive
191,positive
192,positive
193,positive
194,positive
195,positive
196,positive
197,positive
198,positive
199,positive
210,positive
211,positive
212,positive
213,positive
214,positive
215,positive
216,positive
217,positive
218,positive
219,positive
220,positive
221,positive
222,positive
223,positive
224,positive
225,positive
226,positive
227,positive
228,positive
229,positive
230,positive
231,positive
232,positive
233,positive
234,positive
235,positive
236,positive
237,positive
238,positive
239,positive
240,positive
241,positive
242,positive
243,positive
244,positive
245,positive
246,positive
247,positive
248,positive
249,positive
250,positive
251,positive
252,positive
253,positive
254,positive
255,positive
256,positive
257,positive
258,positive
259,positive
260,positive
261,positive
262,positive
263,positive
264,positive
265,positive
266,positive
267,positive
268,positive
269,positive
270,positive
271,positive
272,positive
273,positive
274,positive
275,positive
276,positive
277,positive
278,positive
279,positive
280,positive
281,positive
282,positive
283,positive
284,positive
285,positive
286,positive
287,positive
288,positive
289,positive
290,positive
291,positive
292,positive
293,positive
294,positive
295,positive
296,positive
297,positive
298,positive
299,positive
310,positive
311,positive
312,positive
313,positive
314,positive
315,positive
316,positive
317,positive
318,positive
319,positive
320,positive
321,positive
322,positive
323,positive
324,positive
325,positive
326,positive
327,positive
328,positive
329,positive
330,positive
331,positive
332,positive
333,positive
334,positive
335,positive
336,positive
337,positive
338,positive
339,positive
340,positive
341,positive
342,positive
343,positive
344,positive
345,positive
346,positive
347,positive
348,positive
349,positive
350,positive
351,positive
352,positive
353,positive
354,positive
355,positive
356,positive
357,positive
358,positive
359,positive
360,positive
361,positive
362,positive
363,positive
364,positive
365,positive
366,positive
367,positive
368,positive
369,positive
370,positive
371,positive
372,positive
373,positive
374,positive
375,positive
376,positive
377,positive
378,positive
379,positive
380,positive
381,positive
382,positive
383,positive
384,positive
385,positive
386,positive
387,positive
388,positive
389,positive
390,positive
391,positive
392,positive
393,positive
394,positive
395,positive
396,positive
397,positive
398,positive
399,positive
410,positive
411,positive
412,positive
413,positive
414,positive
415,positive
416,positive
417,positive
418,positive
419,positive
420,positive
421,positive
422,positive
423,positive
424,positive
425,positive
426,positive
427,positive
428,positive
429,positive
430,positive
431,positive
432,positive
433,positive
434,positive
435,positive
436,positive
437,positive
438,positive
439,positive
440,positive
441,positive
442,positive
443,positive
444,positive
445,positive
446,positive
447,positive
448,positive
449,positive
450,positive
451,positive
452,positive
453,positive
454,positive
455,positive
456,positive
457,positive
458,positive
459,positive
460,positive
461,positive
462,positive
463,positive
464,positive
465,positive
466,positive
467,positive
468,positive
469,positive
470,positive
471,positive
472,positive
473,positive
474,positive
475,positive
476,positive
477,positive
478,positive
479,positive
480,positive
481,positive
482,positive
483,positive
484,positive
485,positive
486,positive
487,positive
488,positive
489,positive
490,positive
491,positive
492,positive
493,positive
494,positive
495,positive
496,positive
497,positive
498,positive
499,positive
510,positive
511,positive
512,positive
513,positive
514,positive
515,positive
516,positive
517,positive
518,positive
519,positive
520,positive
521,positive
522,positive
523,positive
524,positive
525,positive
526,positive
527,positive
528,positive
529,positive
530,positive
531,positive
532,positive
533,positive
534,positive
535,positive
536,positive
537,positive
538,positive
539,positive
540,positive
541,positive
542,positive
543,positive
544,positive
545,positive
546,positive
547,positive
548,positive
549,positive
550,positive
551,positive
552,positive
553,positive
554,positive
555,positive
556,positive
557,positive
558,positive
559,positive
560,positive
561,positive
562,positive
563,positive
564,positive
565,positive
566,positive
567,positive
568,positive
569,positive
570,positive
571,positive
572,positive
573,positive
574,positive
575,positive
576,positive
577,positive
578,positive
579,positive
580,positive
581,positive
582,positive
583,positive
584,positive
585,positive
586,positive
587,positive
588,positive
589,positive
590,positive
591,positive
592,positive
593,positive
594,positive
595,positive
596,positive
597,positive
598,positive
599,positive
610,positive
611,positive
612,positive
613,positive
614,positive
615,positive
616,positive
617,positive
618,positive
619,positive
620,positive
621,positive
622,positive
623,positive
624,positive
625,positive
626,positive
627,positive
628,positive
629,positive
630,positive
631,positive
632,positive
633,positive
634,positive
635,positive
636,positive
637,positive
638,positive
639,positive
640,positive
641,positive
642,positive
643,positive
644,positive
645,positive
646,positive
647,positive
648,positive
649,positive
650,positive
651,positive
652,positive
653,positive
654,positive
655,positive
656,positive
657,positive
658,positive
659,positive
660,positive
661,positive
662,positive
663,positive
664,positive
665,positive
666,positive
667,positive
668,positive
669,positive
670,positive
671,positive
672,positive
673,positive
674,positive
675,positive
676,positive
677,positive
678,positive
679,positive
680,positive
681,positive
682,positive
683,positive
684,positive
685,positive
686,positive
687,positive
688,positive
689,positive
690,positive
691,positive
692,positive
693,positive
694,positive
695,positive
696,positive
697,positive
698,positive
699,positive
710,positive
711,positive
712,positive
713,positive
714,positive
715,positive
716,positive
717,positive
718,positive
719,positive
720,positive
721,positive
722,positive
723,positive
724,positive
725,positive
726,positive
727,positive
728,positive
729,positive
730,positive
731,positive
732,positive
733,positive
734,positive
735,positive
736,positive
737,positive
738,positive
739,positive
740,positive
741,positive
742,positive
743,positive
744,positive
745,positive
746,positive
747,positive
748,positive
749,positive
750,positive
751,positive
752,positive
753,positive
754,positive
755,positive
756,positive
757,positive
758,positive
759,positive
760,positive
761,positive
762,positive
763,positive
764,positive
765,positive
766,positive
767,positive
768,positive
769,positive
770,positive
771,positive
772,positive
773,positive
774,positive
775,positive
776,positive
777,positive
778,positive
779,positive
780,positive
781,positive
782,positive
783,positive
784,positive
785,positive
786,positive
787,positive
788,positive
789,positive
790,positive
791,positive
792,positive
793,positive
794,positive
795,positive
796,positive
797,positive
798,positive
799,positive
810,neutral
811,neutral
812,neutral
813,neutral
814,neutral
815,neutral
816,neutral
817,neutral
818,neutral
819,neutral
820,neutral
821,neutral
822,neutral
823,neutral
824,neutral
825,neutral
826,neutral
827,neutral
828,neutral
829,neutral
830,neutral
831,neutral
832,neutral
833,neutral
834,neutral
835,neutral
836,neutral
837,neutral
838,neutral
839,neutral
840,neutral
841,neutral
842,neutral
843,neutral
844,neutral
845,neutral
846,neutral
847,neutral
848,neutral
849,neutral
850,neutral
851,neutral
852,neutral
853,neutral
854,neutral
855,neutral
856,neutral
857,neutral
858,neutral
859,neutral
860,neutral
861,neutral
862,neutral
863,neutral
864,neutral
865,neutral
866,neutral
867,neutral
868,neutral
869,neutral
870,neutral
871,neutral
872,neutral
873,neutral
874,neutral
875,neutral
876,neutral
877,neutral
878,neutral
879,neutral
880,neutral
881,neutral
882,neutral
883,neutral
884,neutral
885,neutral
886,neutral
887,neutral
888,neutral
889,neutral
890,neutral
891,neutral
892,neutral
893,neutral
894,neutral
895,neutral
896,neutral
897,neutral
898,neutral
899,neutral
910,positive
911,positive
912,positive
913,positive
914,positive
915,positive
916,positive
917,positive
918,positive
919,positive
920,positive
921,positive
922,positive
923,positive
924,positive
925,positive
926,positive
927,positive
928,positive
929,positive
930,positive
931,positive
932,positive
933,positive
934,positive
935,positive
936,positive
937,positive
938,positive
939,positive
940,positive
941,positive
942,positive
943,positive
944,positive
945,positive
946,positive
947,positive
948,positive
949,positive
950,positive
951,positive
952,positive
953,positive
954,positive
955,positive
956,positive
957,positive
958,positive
959,positive
960,positive
961,positive
962,positive
963,positive
964,positive
965,positive
966,positive
967,positive
968,positive
969,positive
970,positive
971,positive
972,positive
973,positive
974,positive
975,positive
976,positive
977,positive
978,positive
979,positive
980,positive
981,positive
982,positive
983,positive
984,positive
985,positive
986,positive
987,positive
988,positive
989,positive
990,positive
991,positive
992,positive
993,positive
994,positive
995,positive
996,positive
997,positive
998,positive
999,positive
1010,negative
1011,negative
1012,negative
1013,negative
1014,negative
1015,negative
1016,negative
1017,negative
1018,negative
1019,negative
1020,negative
1021,negative
1022,negative
1023,negative
1024,negative
1025,negative
1026,negative
1027,negative
1028,negative
1029,negative
1030,negative
1031,negative
1032,negative
1033,negative
1034,negative
1035,negative
1036,negative
1037,negative
1038,negative
1039,negative
1040,negative
1041,negative
1042,negative
1043,negative
1044,negative
1045,negative
1046,negative
1047,negative
1048,negative
1049,negative
1050,negative
1051,negative
1052,negative
1053,negative
1054,negative
1055,negative
1056,negative
1057,negative
1058,negative
1059,negative
1060,negative
1061,negative
1062,negative
1063,negative
1064,negative
1065,negative
1066,negative
1067,negative
1068,negative
1069,negative
1070,negative
1071,negative
1072,negative
1073,negative
1074,negative
1075,negative
1076,negative
1077,negative
1078,negative
1079,negative
1080,negative
1081,negative
1082,negative
1083,negative
1084,negative
1085,negative
1086,negative
1087,negative
1088,negative
1089,negative
1090,negative
1091,negative
1092,negative
1093,negative
1094,negative
1095,negative
1096,negative
1097,negative
1098,negative
1099,negative
1100,positive
1101,positive
1102,positive
1103,positive
1104,positive
1105,positive
1106,positive
1107,positive
1108,positive
1115,negative
1116,negative
1117,negative
1118,negative
1119,negative
1120,negative
1121,negative
1122,negative
1123,negative
1124,negative
1125,negative
1126,negative
1127,negative
1128,negative
1129,negative
1130,negative
1131,negative
1132,negative
1133,negative
1134,negative
1135,negative
1136,negative
1137,negative
1138,negative
1139,negative
1140,negative
1141,negative
1142,negative
1143,negative
1144,negative
1145,negative
1146,negative
1147,negative
1148,negative
1149,negative
1150,negative
1151,negative
1152,negative
1153,negative
1154,negative
1155,negative
1156,negative
1157,negative
1158,negative
1159,negative
1160,negative
1161,negative
1162,negative
1163,negative
1164,negative
1165,negative
1166,negative
1167,negative
1168,negative
1169,negative
1170,negative
1171,negative
1172,negative
1173,negative
1174,negative
1175,negative
1176,negative
1177,negative
1178,negative
1179,negative
1180,negative
1181,negative
1182,negative
1183,negative
1184,negative
1185,negative
1186,negative
1187,negative
1188,negative
1189,negative
1190,negative
1200,negative
1201,negative
1202,negative
1203,negative
1204,negative
1205,negative
1206,negative
1207,negative
1208,negative
1209,negative
1259,negative
1260,negative
1261,negative
1262,negative
1263,negative
1264,negative
1265,negative
1266,negative
1267,negative
1268,negative
1269,negative
1270,negative
1271,negative
1272,negative
1273,negative
1274,negative
1275,negative
1276,negative
1277,negative
1278,negative
1279,negative
1280,negative
1281,negative
1282,negative
1283,negative
1284,negative
1285,negative
1286,negative
1287,negative
1288,negative
1289,negative
1290,negative
1291,negative
1292,negative
1293,negative
1294,negative
1295,negative
1296,negative
1297,negative
1298,negative
1299,negative
1310,negative
1311,negative
1312,negative
1313,negative
1314,negative
1315,negative
1316,negative
1317,negative
1318,negative
1319,negative
1320,negative
1321,negative
1322,negative
1323,negative
1324,negative
1325,negative
1326,negative
1327,negative
1328,negative
1329,negative
1330,negative
1331,negative
1332,negative
1333,negative
1334,negative
1335,negative
1336,negative
1337,negative
1338,negative
1339,negative
1340,negative
1341,negative
1342,negative
1343,negative
1344,negative
1345,negative
1346,negative
1347,negative
1348,negative
1349,negative
1350,negative
1351,negative
1352,negative
1353,negative
1354,negative
1355,negative
1356,negative
1357,negative
1358,negative
1359,negative
1360,negative
1361,negative
1362,negative
1363,negative
1364,negative
1365,negative
1366,negative
1367,negative
1368,negative
1369,negative
1370,negative
1371,negative
1372,negative
1373,negative
1400,positive
1401,positive
1402,positive
1403,positive
1404,positive
1405,positive
1406,positive
1407,positive
1408,positive
1409,positive
1419,positive
1420,positive
1421,positive
1422,positive
1423,positive
1424,positive
1425,positive
1426,positive
1427,positive
1428,positive
1429,positive
1430,positive
1431,positive
1432,positive
1433,positive
1434,positive
1435,positive
1436,positive
1437,positive
1438,positive
1439,positive
1482,positive
1483,positive
1484,positive
1485,positive
1486,positive
1487,positive
1488,positive
1489,positive
1490,positive
1491,positive
1492,positive
1493,positive
1494,positive
1495,positive
1496,positive
1497,positive
1498,positive
1499,positive
1510,positive
1511,positive
1512,positive
1513,positive
1551,positive
1552,positive
1553,positive
1554,positive
1555,positive
1556,positive
1557,positive
1558,positive
1559,positive
1560,positive
1561,positive
1562,positive
1563,positive
1564,positive
1565,positive
1566,positive
1567,positive
1568,positive
1569,positive
1570,positive
1571,positive
1572,positive
1573,positive
1574,positive
1575,positive
1576,positive
1577,positive
1578,positive
1579,positive
1580,positive
1581,positive
1582,positive
1583,positive
1584,positive
1585,positive
1586,positive
1587,positive
1588,positive
1589,positive
1590,positive
1591,positive
1592,positive
1593,positive
1594,positive
1595,positive
1596,positive
1597,positive
1598,positive
1599,positive
2100,positive
2101,positive
2102,positive
2103,positive
2104,positive
2105,positive
2106,positive
2107,positive
2108,positive
2190,positive
2191,positive
2192,positive
2193,positive
2194,positive
2195,positive
2196,positive
2197,positive
2198,positive
2199,positive
2200,positive
2201,positive
2202,positive
2203,positive
2204,positive
2205,positive
2206,positive
2207,positive
2208,positive
2209,positive
2210,positive
2211,positive
2212,positive
2213,positive
2214,positive
2215,positive
2216,positive
2217,positive
2218,positive
2219,positive
2220,positive
2221,positive
2222,positive
2223,positive
2224,positive
2225,positive
2226,positive
2227,positive
2228,positive
2229,positive
2230,positive
2231,positive
2232,positive
2233,positive
2234,positive
2235,positive
2236,positive
2237,positive
2238,positive
2239,positive
2240,positive
2241,positive
2242,positive
2243,positive
2244,positive
2245,positive
2246,positive
2247,positive
2395,negative
2396,negative
2397,negative
2398,negative
2399,negative
2400,negative
2401,negative
2402,negative
2403,negative
2404,negative
2405,negative
2406,negative
2407,negative
2408,negative
2409,negative
2410,negative
2411,negative
2412,negative
2413,negative
2414,negative
2415,negative
2416,negative
2417,negative
2418,negative
2419,negative
2420,negative
2421,negative
2422,negative
2423,negative
2424,negative
2425,negative
2426,negative
2427,negative
2428,negative
2466,positive
2467,positive
2468,positive
2469,positive
2470,positive
2471,positive
2472,positive
2473,positive
2474,positive
2475,positive
2476,positive
2477,positive
2478,positive
2479,positive
2480,positive
2481,positive
2482,positive
2483,positive
2484,positive
2485,positive
2486,positive
2487,positive
2488,positive
2489,positive
2490,positive
2491,positive
2492,positive
2493,positive
2494,positive
2495,positive
2496,positive
2547,negative
2548,negative
2549,negative
2550,negative
2551,negative
2552,negative
2553,negative
2554,negative
2555,negative
2556,negative
2557,negative
2558,negative
2559,negative
2560,negative
2561,negative
2562,negative
2563,negative
2564,negative
2565,negative
2566,negative
2567,negative
2568,negative
2569,negative
2570,negative
2571,negative
2572,negative
2573,negative
2574,negative
2575,negative
2576,negative
2577,negative
2578,negative
3100,positive
3101,positive
3102,positive
3103,positive
3104,positive
3105,positive
3106,positive
3107,positive
3108,positive
3109,positive
3155,positive
3156,positive
3157,positive
3158,positive
3159,positive
3160,positive
3161,positive
3162,positive
3163,positive
3164,positive
3165,positive
3166,positive
3167,positive
3168,positive
3169,positive
3170,positive
3171,positive
3172,positive
3173,positive
3174,positive
3175,positive
3176,positive
3177,positive
3178,positive
3179,positive
3180,positive
3181,positive
3182,positive
3183,positive
3184,positive
3185,positive
3240,negative
3241,negative
3242,negative
3243,negative
3244,negative
3245,negative
3246,negative
3247,negative
3248,negative
3249,negative
3250,negative
3251,negative
3252,negative
3253,negative
3254,negative
3255,negative
3256,negative
3257,negative
3258,negative
3259,negative
3260,negative
3261,negative
3262,negative
3263,negative
3264,negative
3265,negative
3266,negative
3267,negative
3268,negative
3269,negative
3270,negative
3271,negative
3272,negative
3273,negative
3274,negative
3333,negative
3334,negative
3335,negative
3336,negative
3337,negative
3338,negative
3339,negative
3340,negative
3341,negative
3342,negative
3343,negative
3344,negative
3345,negative
3346,negative
3347,negative
3348,negative
3349,negative
3350,negative
3351,negative
3352,negative
3353,negative
3354,negative
3355,negative
3356,negative
3357,negative
3358,negative
3359,negative
3360,negative
3361,negative
3362,negative
3363,negative
3364,negative
3365,negative
3366,negative
3367,negative
3368,negative
3369,negative
3370,negative
3371,negative
3372,negative
3373,negative
3374,negative
3375,negative
3376,negative
3377,negative
3378,negative
3379,negative
3380,negative
3381,negative
3382,negative
3383,negative
3384,negative
3385,negative
3386,negative
3387,negative
3388,negative
3389,negative
3390,negative
3540,negative
3541,negative
3542,negative
3543,negative
3544,negative
3545,negative
3546,negative
3547,negative
3548,negative
3549,negative
3550,negative
3551,negative
3552,negative
3553,negative
3554,negative
3555,negative
3556,negative
3557,negative
3558,negative
3559,negative
3560,negative
3561,negative
3562,negative
3563,negative
3564,negative
3565,negative
3566,negative
3567,negative
3568,negative
3569,negative
3570,negative
3571,negative
3572,negative
4100,positive
4101,positive
4102,positive
4103,positive
4104,positive
4105,positive
4106,positive
4107,positive
4108,positive
4109,positive
4110,positive
4111,positive
4112,positive
4113,positive
4159,negative
4160,negative
4161,negative
4162,negative
4163,negative
4164,negative
4165,negative
4166,negative
4167,negative
4168,negative
4169,negative
4170,negative
4171,negative
4172,negative
4173,negative
4174,negative
4175,negative
4176,negative
4177,negative
4178,negative
4179,negative
4180,negative
4181,negative
4182,negative
4183,negative
4184,negative
4185,negative
4186,negative
4187,negative
4188,negative
4189,negative
4241,negative
4242,negative
4243,negative
4244,negative
4245,negative
4246,negative
4247,negative
4248,negative
4249,negative
4250,negative
4251,negative
4252,negative
4253,negative
4254,negative
4255,negative
4256,negative
4257,negative
4258,negative
4259,negative
4260,negative
4261,negative
4262,negative
4263,negative
4264,negative
4265,negative
4266,negative
4267,negative
4268,negative
4269,negative
4270,negative
4271,negative
4272,negative
4273,negative
4274,negative
4333,negative
4334,negative
4335,negative
4336,negative
4337,negative
4338,negative
4339,negative
4340,negative
4341,negative
4342,negative
4343,negative
4344,negative
4345,negative
4346,negative
4347,negative
4348,negative
4349,negative
4350,negative
4351,negative
4352,negative
4353,negative
4354,negative
4355,negative
4356,negative
4357,negative
4358,negative
4359,negative
4360,negative
4361,negative
4362,negative
4363,negative
4364,negative
4365,negative
4366,negative
4367,negative
4368,negative
4369,negative
4370,negative
4371,negative
4372,negative
4373,negative
4374,negative
4375,negative
4376,negative
4377,negative
4378,negative
4379,negative
4380,negative
4381,negative
4382,negative
4383,negative
4384,negative
4385,negative
4386,negative
4387,negative
4388,negative
4389,negative
4390,negative
4520,positive
4521,positive
4522,positive
4523,positive
4524,positive
4525,positive
4526,positive
4527,positive
4528,positive
4529,positive
4530,positive
4531,positive
4532,positive
4533,positive
4534,positive
4535,positive
4536,positive
4537,positive
4538,positive
4539,positive
4540,positive
4541,positive
4542,positive
4543,positive
4544,positive
4545,positive
4546,positive
4547,positive
4548,positive
4549,positive
4550,positive
4551,positive
4552,positive
4553,positive
5100,positive
5101,positive
5102,positive
5103,positive
5104,positive
5105,positive
5106,positive
5107,positive
5108,positive
5109,positive
5110,positive
5111,positive
5112,positive
5180,negative
5181,negative
5182,negative
5183,negative
5184,negative
5185,negative
5186,negative
5187,negative
5188,negative
5189,negative
5190,negative
5191,negative
5192,negative
5193,negative
5194,negative
5195,negative
5196,negative
5197,negative
5198,negative
5199,negative
5200,negative
5201,negative
5202,negative
5203,negative
5204,negative
5205,negative
5206,negative
5207,negative
5208,negative
5209,negative
5210,negative
5211,negative
5212,negative
5213,negative
5214,negative
5215,negative
5216,negative
5217,negative
5218,negative
5219,negative
5220,negative
5221,negative
5222,negative
5223,negative
5224,negative
5225,negative
5226,negative
5227,negative
5228,negative
5229,negative
5230,negative
5231,negative
5232,negative
5233,negative
5234,negative
5235,negative
5236,negative
5237,negative
5238,negative
5388,negative
5389,negative
5390,negative
5391,negative
5392,negative
5393,negative
5394,negative
5395,negative
5396,negative
5397,negative
5398,negative
5399,negative
5400,negative
5401,negative
5402,negative
5403,negative
5404,negative
5405,negative
5406,negative
5407,negative
5408,negative
5409,negative
5410,negative
5411,negative
5412,negative
5413,negative
5414,negative
5415,negative
5416,negative
5417,negative
5418,negative
5419,negative
5420,negative
5421,negative
5491,positive
5492,positive
5493,positive
5494,positive
5495,positive
5496,positive
5497,positive
5498,positive
5499,positive
5500,positive
5501,positive
5502,positive
5503,positive
5504,positive
5505,positive
5506,positive
5507,positive
5508,positive
5509,positive
5510,positive
5511,positive
5512,positive
5513,positive
5514,positive
5515,positive
5516,positive
5517,positive
5518,positive
5519,positive
5520,positive
5521,positive
5522,positive
5587,positive
5588,positive
5589,positive
5590,positive
5591,positive
5592,positive
5593,positive
5594,positive
5595,positive
5596,positive
5597,positive
5598,positive
5599,positive
5600,positive
5601,positive
5602,positive
5603,positive
5604,positive
5605,positive
5606,positive
5607,positive
5608,positive
5609,positive
5610,positive
5611,positive
5612,positive
5613,positive
5614,positive
5615,positive
5616,positive
5617,positive
5618,positive
5619,positive
6100,positive
6101,positive
6102,positive
6103,positive
6104,positive
6105,positive
6106,positive
6107,positive
6108,positive
6109,positive
6110,positive
6111,positive
6112,positive
6145,positive
6146,positive
6147,positive
6148,positive
6149,positive
6150,positive
6151,positive
6152,positive
6153,positive
6154,positive
6155,positive
6156,positive
6157,positive
6158,positive
6159,positive
6160,positive
6161,positive
6162,positive
6163,positive
6164,positive
6165,positive
6166,positive
6167,positive
6168,positive
6169,positive
6170,positive
6171,positive
6172,positive
6173,positive
6174,positive
6175,positive
6176,positive
6211,positive
6212,positive
6213,positive
6214,positive
6215,positive
6216,positive
6217,positive
6218,positive
6219,positive
6220,positive
6221,positive
6222,positive
6223,positive
6224,positive
6225,positive
6226,positive
6227,positive
6228,positive
6229,positive
6230,positive
6231,positive
6232,positive
6233,positive
6234,positive
6235,positive
6236,positive
6237,positive
6238,positive
6239,positive
6240,positive
6241,positive
6242,positive
6243,positive
6244,positive
6300,negative
6301,negative
6302,negative
6303,negative
6304,negative
6305,negative
6306,negative
6307,negative
6308,negative
6309,negative
6310,negative
6311,negative
6312,negative
6313,negative
6314,negative
6315,negative
6316,negative
6317,negative
6318,negative
6319,negative
6320,negative
6321,negative
6322,negative
6323,negative
6324,negative
6325,negative
6326,negative
6327,negative
6328,negative
6329,negative
6330,negative
6331,negative
6332,negative
6333,negative
6334,negative
6335,negative
6336,negative
6337,negative
6338,negative
6339,negative
6340,negative
6341,negative
6342,negative
6343,negative
6344,negative
6345,negative
6346,negative
6347,negative
6348,negative
6349,negative
6350,negative
6351,negative
6352,negative
6353,negative
6354,negative
6355,negative
6356,negative
6357,negative
6456,positive
6457,positive
6458,positive
6459,positive
6460,positive
6461,positive
6462,positive
6463,positive
6464,positive
6465,positive
6466,positive
6467,positive
6468,positive
6469,positive
6470,positive
6471,positive
6472,positive
6473,positive
6474,positive
6475,positive
6476,positive
6477,positive
6478,positive
6479,positive
6480,positive
6481,positive
6482,positive
6483,positive
6484,positive
6485,positive
6486,positive
6487,positive
6488,positive
7100,positive
7101,positive
7102,positive
7103,positive
7104,positive
7105,positive
7106,positive
7107,positive
7108,positive
7109,positive
7110,positive
7151,positive
7152,positive
7153,positive
7154,positive
7155,positive
7156,positive
7157,positive
7158,positive
7159,positive
7160,positive
7161,positive
7162,positive
7163,positive
7164,positive
7165,positive
7166,positive
7167,positive
7168,positive
7169,positive
7170,positive
7171,positive
7172,positive
7173,positive
7174,positive
7175,positive
7176,positive
7177,positive
7178,positive
7179,positive
7180,positive
7181,positive
7216,positive
7217,positive
7218,positive
7219,positive
7220,positive
7221,positive
7222,positive
7223,positive
7224,positive
7225,positive
7226,positive
7227,positive
7228,positive
7229,positive
7230,positive
7231,positive
7232,positive
7233,positive
7234,positive
7235,positive
7236,positive
7237,positive
7238,positive
7239,positive
7240,positive
7241,positive
7242,positive
7243,positive
7244,positive
7245,positive
7246,positive
7247,positive
7248,positive
7249,positive
7314,negative
7315,negative
7316,negative
7317,negative
7318,negative
7319,negative
7320,negative
7321,negative
7322,negative
7323,negative
7324,negative
7325,negative
7326,negative
7327,negative
7328,negative
7329,negative
7330,negative
7331,negative
7332,negative
7333,negative
7334,negative
7335,negative
7336,negative
7337,negative
7338,negative
7339,negative
7340,negative
7341,negative
7342,negative
7343,negative
7344,negative
7345,negative
7346,negative
7347,negative
7348,negative
7349,negative
7350,negative
7351,negative
7352,negative
7353,negative
7354,negative
7355,negative
7356,negative
7357,negative
7358,negative
7359,negative
7360,negative
7361,negative
7362,negative
7363,negative
7364,negative
7365,negative
7366,negative
7367,negative
7368,negative
7369,negative
7370,negative
7371,negative
7372,negative
7373,negative
7374,negative
7474,negative
7475,negative
7476,negative
7477,negative
7478,negative
7479,negative
7480,negative
7481,negative
7482,negative
7483,negative
7484,negative
7485,negative
7486,negative
7487,negative
7488,negative
7489,negative
7490,negative
7491,negative
7492,negative
7493,negative
7494,negative
7495,negative
7496,negative
7497,negative
7498,negative
7499,negative
7500,negative
7501,negative
7502,negative
7503,negative
7504,negative
7505,negative
7506,negative
7507,negative
8100,neutral
8101,neutral
8102,neutral
8103,neutral
8104,neutral
8105,neutral
8106,neutral
8107,neutral
8108,neutral
8109,neutral
8110,neutral
8111,neutral
8112,neutral
8180,negative
8181,negative
8182,negative
8183,negative
8184,negative
8185,negative
8186,negative
8187,negative
8188,negative
8189,negative
8190,negative
8191,negative
8192,negative
8193,negative
8194,negative
8195,negative
8196,negative
8197,negative
8198,negative
8199,negative
8200,negative
8201,negative
8202,negative
8203,negative
8204,negative
8205,negative
8206,negative
8207,negative
8208,negative
8209,negative
8210,negative
8211,negative
8212,negative
8213,negative
8214,negative
8215,negative
8216,negative
8217,negative
8218,negative
8219,negative
8220,negative
8221,negative
8222,negative
8223,negative
8224,negative
8225,negative
8226,negative
8227,negative
8228,negative
8229,negative
8230,negative
8231,negative
8232,negative
8233,negative
8234,negative
8235,negative
8236,negative
8237,negative
8238,negative
8344,positive
8345,positive
8346,positive
8347,positive
8348,positive
8349,positive
8350,positive
8351,positive
8352,positive
8353,positive
8354,positive
8355,positive
8356,positive
8357,positive
8358,positive
8359,positive
8360,positive
8361,positive
8362,positive
8363,positive
8364,positive
8365,positive
8366,positive
8367,positive
8368,positive
8369,positive
8370,positive
8371,positive
8372,positive
8373,positive
8374,positive
8375,positive
8376,positive
8377,positive
8399,negative
8400,negative
8401,negative
8402,negative
8403,negative
8404,negative
8405,negative
8406,negative
8407,negative
8408,negative
8409,negative
8410,negative
8411,negative
8412,negative
8413,negative
8414,negative
8415,negative
8416,negative
8417,negative
8418,negative
8419,negative
8420,negative
8421,negative
8422,negative
8423,negative
8424,negative
8425,negative
8426,negative
8427,negative
8428,negative
8429,negative
8462,positive
8463,positive
8464,positive
8465,positive
8466,positive
8467,positive
8468,positive
8469,positive
8470,positive
8471,positive
8472,positive
8473,positive
8474,positive
8475,positive
8476,positive
8477,positive
8478,positive
8479,positive
8480,positive
8481,positive
8482,positive
8483,positive
8484,positive
8485,positive
8486,positive
8487,positive
8488,positive
8489,positive
8490,positive
8491,positive
8492,positive
8493,positive
8494,positive
8495,positive
9100,positive
9101,positive
9102,positive
9103,positive
9104,positive
9105,positive
9106,positive
9107,positive
9108,positive
9109,positive
9110,positive
9111,positive
9112,positive
9151,positive
9152,positive
9153,positive
9154,positive
9155,positive
9156,positive
9157,positive
9158,positive
9159,positive
9160,positive
9161,positive
9162,positive
9163,positive
9164,positive
9165,positive
9166,positive
9167,positive
9168,positive
9169,positive
9170,positive
9171,positive
9172,positive
9173,positive
9174,positive
9175,positive
9176,positive
9177,positive
9178,positive
9179,positive
9180,positive
9181,positive
9216,positive
9217,positive
9218,positive
9219,positive
9220,positive
9221,positive
9222,positive
9223,positive
9224,positive
9225,positive
9226,positive
9227,positive
9228,positive
9229,positive
9230,positive
9231,positive
9232,positive
9233,positive
9234,positive
9235,positive
9236,positive
9237,positive
9238,positive
9239,positive
9240,positive
9241,positive
9242,positive
9243,positive
9244,positive
9245,positive
9246,positive
9247,positive
9248,positive
9249,positive
9310,negative
9311,negative
9312,negative
9313,negative
9314,negative
9315,negative
9316,negative
9317,negative
9318,negative
9319,negative
9320,negative
9321,negative
9322,negative
9323,negative
9324,negative
9325,negative
9326,negative
9327,negative
9328,negative
9329,negative
9330,negative
9331,negative
9332,negative
9333,negative
9334,negative
9335,negative
9336,negative
9337,negative
9338,negative
9339,negative
9340,negative
9341,negative
9342,negative
9343,negative
9344,negative
9345,negative
9346,negative
9347,negative
9348,negative
9349,negative
9350,negative
9351,negative
9352,negative
9353,negative
9354,negative
9355,negative
9356,negative
9357,negative
9358,negative
9359,negative
9360,negative
9361,negative
9362,negative
9363,negative
9364,negative
9365,negative
9366,negative
9367,negative
9368,negative
9369,negative
9370,negative
9371,negative
9372,negative
9373,negative
9374,negative
9375,negative
9376,negative
9483,positive
9484,positive
9485,positive
9486,positive
9487,positive
9488,positive
9489,positive
9490,positive
9491,positive
9492,positive
9493,positive
9494,positive
9495,positive
9496,positive
9497,positive
9498,positive
9499,positive
9500,positive
9501,positive
9502,positive
9503,positive
9504,positive
9505,positive
9506,positive
9507,positive
9508,positive
9509,positive
9510,positive
9511,positive
9512,positive
9513,positive
9514,positive
9515,positive
9516,positive
10100,negative
10101,negative
10102,negative
10103,negative
10104,negative
10105,negative
10106,negative
10107,negative
10108,negative
10109,negative
10110,negative
10111,negative
10112,negative
10183,negative
10184,negative
10185,negative
10186,negative
10187,negative
10188,negative
10189,negative
10190,negative
10191,negative
10192,negative
10193,negative
10194,negative
10195,negative
10196,negative
10197,negative
10198,negative
10199,negative
10200,negative
10201,negative
10202,negative
10203,negative
10204,negative
10205,negative
10206,negative
10207,negative
10208,negative
10209,negative
10210,negative
10211,negative
10212,negative
10213,negative
10214,negative
10215,negative
10216,negative
10217,negative
10218,negative
10219,negative
10220,negative
10221,negative
10222,negative
10223,negative
10224,negative
10225,negative
10226,negative
10227,negative
10228,negative
10229,negative
10230,negative
10231,negative
10232,negative
10233,negative
10234,negative
10235,negative
10236,negative
10237,negative
10238,negative
10239,negative
10240,negative
10241,negative
10242,negative
10243,negative
10244,negative
10349,positive
10350,positive
10351,positive
10352,positive
10353,positive
10354,positive
10355,positive
10356,positive
10357,positive
10358,positive
10359,positive
10360,positive
10361,positive
10362,positive
10363,positive
10364,positive
10365,positive
10366,positive
10367,positive
10368,positive
10369,positive
10370,positive
10371,positive
10372,positive
10373,positive
10374,positive
10375,positive
10376,positive
10377,positive
10378,positive
10379,positive
10380,positive
10381,positive
10382,positive
10403,positive
10404,positive
10405,positive
10406,positive
10407,positive
10408,positive
10409,positive
10410,positive
10411,positive
10412,positive
10413,positive
10414,positive
10415,positive
10416,positive
10417,positive
10418,positive
10419,positive
10420,positive
10421,positive
10422,positive
10423,positive
10424,positive
10425,positive
10426,positive
10427,positive
10428,positive
10429,positive
10430,positive
10431,positive
10432,positive
10433,positive
10461,negative
10462,negative
10463,negative
10464,negative
10465,negative
10466,negative
10467,negative
10468,negative
10469,negative
10470,negative
10471,negative
10472,negative
10473,negative
10474,negative
10475,negative
10476,negative
10477,negative
10478,negative
10479,negative
10480,negative
10481,negative
10482,negative
10483,negative
10484,negative
10485,negative
10486,negative
10487,negative
10488,negative
10489,negative
10490,negative
10491,negative
10492,negative
10493,negative
10494,negative
11100,negative
11101,negative
11102,negative
11103,negative
11104,negative
11105,negative
11106,negative
11107,negative
11108,negative
11109,negative
11110,negative
11111,negative
11112,negative
11158,positive
11159,positive
11160,positive
11161,positive
11162,positive
11163,positive
11164,positive
11165,positive
11166,positive
11167,positive
11168,positive
11169,positive
11170,positive
11171,positive
11172,positive
11173,positive
11174,positive
11175,positive
11176,positive
11177,positive
11178,positive
11179,positive
11180,positive
11181,positive
11182,positive
11183,positive
11184,positive
11185,positive
11186,positive
11187,positive
11188,positive
11189,positive
11226,positive
11227,positive
11228,positive
11229,positive
11230,positive
11231,positive
11232,positive
11233,positive
11234,positive
11235,positive
11236,positive
11237,positive
11238,positive
11239,positive
11240,positive
11241,positive
11242,positive
11243,positive
11244,positive
11245,positive
11246,positive
11247,positive
11248,positive
11249,positive
11250,positive
11251,positive
11252,positive
11253,positive
11254,positive
11255,positive
11256,positive
11257,positive
11258,positive
11259,positive
11318,negative
11319,negative
11320,negative
11321,negative
11322,negative
11323,negative
11324,negative
11325,negative
11326,negative
11327,negative
11328,negative
11329,negative
11330,negative
11331,negative
11332,negative
11333,negative
11334,negative
11335,negative
11336,negative
11337,negative
11338,negative
11339,negative
11340,negative
11341,negative
11342,negative
11343,negative
11344,negative
11345,negative
11346,negative
11347,negative
11348,negative
11349,negative
11350,negative
11351,negative
11352,negative
11353,negative
11354,negative
11355,negative
11356,negative
11357,negative
11358,negative
11359,negative
11360,negative
11361,negative
11362,negative
11363,negative
11364,negative
11365,negative
11366,negative
11367,negative
11368,negative
11369,negative
11370,negative
11371,negative
11372,negative
11373,negative
11374,negative
11375,negative
11376,negative
11377,negative
11486,negative
11487,negative
11488,negative
11489,negative
11490,negative
11491,negative
11492,negative
11493,negative
11494,negative
11495,negative
11496,negative
11497,negative
11498,negative
11499,negative
11500,negative
11501,negative
11502,negative
11503,negative
11504,negative
11505,negative
11506,negative
11507,negative
11508,negative
11509,negative
11510,negative
11511,negative
11512,negative
11513,negative
11514,negative
11515,negative
11516,negative
11517,negative
11518,negative
11519,negative
12100,negative
12101,negative
12102,negative
12103,negative
12104,negative
12105,negative
12106,negative
12107,negative
12108,negative
12109,negative
12110,negative
12111,negative
12112,negative
12188,negative
12189,negative
12190,negative
12191,negative
12192,negative
12193,negative
12194,negative
12195,negative
12196,negative
12197,negative
12198,negative
12199,negative
12200,negative
12201,negative
12202,negative
12203,negative
12204,negative
12205,negative
12206,negative
12207,negative
12208,negative
12209,negative
12210,negative
12211,negative
12212,negative
12213,negative
12214,negative
12215,negative
12216,negative
12217,negative
12218,negative
12219,negative
12220,negative
12221,negative
12222,negative
12223,negative
12224,negative
12225,negative
12226,negative
12227,negative
12228,negative
12229,negative
12230,negative
12231,negative
12232,negative
12233,negative
12234,negative
12235,negative
12236,negative
12237,negative
12238,negative
12239,negative
12240,negative
12241,negative
12242,negative
12243,negative
12244,negative
12245,negative
12246,negative
12247,negative
12248,negative
12249,negative
12363,positive
12364,positive
12365,positive
12366,positive
12367,positive
12368,positive
12369,positive
12370,positive
12371,positive
12372,positive
12373,positive
12374,positive
12375,positive
12376,positive
12377,positive
12378,positive
12379,positive
12380,positive
12381,positive
12382,positive
12383,positive
12384,positive
12385,positive
12386,positive
12387,positive
12388,positive
12389,positive
12390,positive
12391,positive
12392,positive
12393,positive
12394,positive
12395,positive
12429,positive
12430,positive
12431,positive
12432,positive
12433,positive
12434,positive
12435,positive
12436,positive
12437,positive
12438,positive
12439,positive
12440,positive
12441,positive
12442,positive
12443,positive
12444,positive
12445,positive
12446,positive
12447,positive
12448,positive
12449,positive
12450,positive
12451,positive
12452,positive
12453,positive
12454,positive
12455,positive
12456,positive
12457,positive
12458,positive
12459,positive
12495,negative
12496,negative
12497,negative
12498,negative
12499,negative
12500,negative
12501,negative
12502,negative
12503,negative
12504,negative
12505,negative
12506,negative
12507,negative
12508,negative
12509,negative
12510,negative
12511,negative
12512,negative
12513,negative
12514,negative
12515,negative
12516,negative
12517,negative
12518,negative
12519,negative
12520,negative
12521,negative
12522,negative
12523,negative
12524,negative
12525,negative
12526,negative
12527,negative
12528,negative
13100,negative
13101,negative
13102,negative
13103,negative
13104,negative
13105,negative
13106,negative
13107,negative
13108,negative
13109,negative
13110,negative
13111,negative
13151,positive
13152,positive
13153,positive
13154,positive
13155,positive
13156,positive
13157,positive
13158,positive
13159,positive
13160,positive
13161,positive
13162,positive
13163,positive
13164,positive
13165,positive
13166,positive
13167,positive
13168,positive
13169,positive
13170,positive
13171,positive
13172,positive
13173,positive
13174,positive
13175,positive
13176,positive
13177,positive
13178,positive
13179,positive
13180,positive
13181,positive
13215,positive
13216,positive
13217,positive
13218,positive
13219,positive
13220,positive
13221,positive
13222,positive
13223,positive
13224,positive
13225,positive
13226,positive
13227,positive
13228,positive
13229,positive
13230,positive
13231,positive
13232,positive
13233,positive
13234,positive
13235,positive
13236,positive
13237,positive
13238,positive
13239,positive
13240,positive
13241,positive
13242,positive
13243,positive
13244,positive
13245,positive
13246,positive
13247,positive
13248,positive
13299,negative
13300,negative
13301,negative
13302,negative
13303,negative
13304,negative
13305,negative
13306,negative
13307,negative
13308,negative
13309,negative
13310,negative
13311,negative
13312,negative
13313,negative
13314,negative
13315,negative
13316,negative
13317,negative
13318,negative
13319,negative
13320,negative
13321,negative
13322,negative
13323,negative
13324,negative
13325,negative
13326,negative
13327,negative
13328,negative
13329,negative
13330,negative
13331,negative
13332,negative
13333,negative
13334,negative
13335,negative
13336,negative
13337,negative
13338,negative
13339,negative
13340,negative
13341,negative
13342,negative
13343,negative
13344,negative
13345,negative
13346,negative
13347,negative
13348,negative
13349,negative
13350,negative
13351,negative
13352,negative
13353,negative
13354,negative
13355,negative
13356,negative
13357,negative
13358,negative
13359,negative
13360,negative
13361,negative
13458,positive
13459,positive
13460,positive
13461,positive
13462,positive
13463,positive
13464,positive
13465,positive
13466,positive
13467,positive
13468,positive
13469,positive
13470,positive
13471,positive
13472,positive
13473,positive
13474,positive
13475,positive
13476,positive
13477,positive
13478,positive
13479,positive
13480,positive
13481,positive
13482,positive
13483,positive
13484,positive
13485,positive
13486,positive
13487,positive
13488,positive
13489,positive
13490,positive
14100,positive
14101,positive
14102,positive
14103,positive
14104,positive
14105,positive
14106,positive
14107,positive
14108,positive
14109,positive
14110,positive
14111,positive
14112,positive
14189,negative
14190,negative
14191,negative
14192,negative
14193,negative
14194,negative
14195,negative
14196,negative
14197,negative
14198,negative
14199,negative
14200,negative
14201,negative
14202,negative
14203,negative
14204,negative
14205,negative
14206,negative
14207,negative
14208,negative
14209,negative
14210,negative
14211,negative
14212,negative
14213,negative
14214,negative
14215,negative
14216,negative
14217,negative
14218,negative
14219,negative
14220,negative
14221,negative
14222,negative
14223,negative
14224,negative
14225,negative
14226,negative
14227,negative
14228,negative
14229,negative
14230,negative
14231,negative
14232,negative
14233,negative
14234,negative
14235,negative
14236,negative
14237,negative
14238,negative
14239,negative
14240,negative
14241,negative
14242,negative
14243,negative
14244,negative
14245,negative
14246,negative
14247,negative
14248,negative
14249,negative
14250,negative
14362,positive
14363,positive
14364,positive
14365,positive
14366,positive
14367,positive
14368,positive
14369,positive
14370,positive
14371,positive
14372,positive
14373,positive
14374,positive
14375,positive
14376,positive
14377,positive
14378,positive
14379,positive
14380,positive
14381,positive
14382,positive
14383,positive
14384,positive
14385,positive
14386,positive
14387,positive
14388,positive
14389,positive
14390,positive
14391,positive
14392,positive
14393,positive
14394,positive
14395,positive
14423,positive
14424,positive
14425,positive
14426,positive
14427,positive
14428,positive
14429,positive
14430,positive
14431,positive
14432,positive
14433,positive
14434,positive
14435,positive
14436,positive
14437,positive
14438,positive
14439,positive
14440,positive
14441,positive
14442,positive
14443,positive
14444,positive
14445,positive
14446,positive
14447,positive
14448,positive
14449,positive
14450,positive
14451,positive
14452,positive
14453,positive
14492,positive
14493,positive
14494,positive
14495,positive
14496,positive
14497,positive
14498,positive
14499,positive
14500,positive
14501,positive
14502,positive
14503,positive
14504,positive
14505,positive
14506,positive
14507,positive
14508,positive
14509,positive
14510,positive
14511,positive
14512,positive
14513,positive
14514,positive
14515,positive
14516,positive
14517,positive
14518,positive
14519,positive
14520,positive
14521,positive
14522,positive
14523,positive
14524,positive
14525,positive
15100,positive
15101,positive
15102,positive
15103,positive
15104,positive
15105,positive
15106,positive
15107,positive
15108,positive
15109,positive
15110,positive
15111,positive
15112,positive
15165,positive
15166,positive
15167,positive
15168,positive
15169,positive
15170,positive
15171,positive
15172,positive
15173,positive
15174,positive
15175,positive
15176,positive
15177,positive
15178,positive
15179,positive
15180,positive
15181,positive
15182,positive
15183,positive
15184,positive
15185,positive
15186,positive
15187,positive
15188,positive
15189,positive
15190,positive
15191,positive
15192,positive
15193,positive
15194,positive
15195,positive
15196,positive
15246,positive
15247,positive
15248,positive
15249,positive
15250,positive
15251,positive
15252,positive
15253,positive
15254,positive
15255,positive
15256,positive
15257,positive
15258,positive
15259,positive
15260,positive
15261,positive
15262,positive
15263,positive
15264,positive
15265,positive
15266,positive
15267,positive
15268,positive
15269,positive
15270,positive
15271,positive
15272,positive
15342,negative
15343,negative
15344,negative
15345,negative
15346,negative
15347,negative
15348,negative
15349,negative
15350,negative
15351,negative
15352,negative
15353,negative
15354,negative
15355,negative
15356,negative
15357,negative
15358,negative
15359,negative
15360,negative
15361,negative
15362,negative
15363,negative
15364,negative
15365,negative
15366,negative
15367,negative
15368,negative
15369,negative
15370,negative
15371,negative
15372,negative
15373,negative
15374,negative
15375,negative
15376,negative
15377,negative
15378,negative
15379,negative
15380,negative
15381,negative
15382,negative
15383,negative
15384,negative
15385,negative
15386,negative
15387,negative
15388,negative
15389,negative
15390,negative
15391,negative
15392,negative
15393,negative
15394,negative
15395,negative
15396,negative
15397,negative
15398,negative
15399,negative
15400,negative
15401,negative
15402,negative
15403,negative
15404,negative
15405,negative
15406,negative
15407,negative
15408,negative
15517,negative
15518,negative
15519,negative
15520,negative
15521,negative
15522,negative
15523,negative
15524,negative
15525,negative
15526,negative
15527,negative
15528,negative
15529,negative
15530,negative
15531,negative
15532,negative
15533,negative
15534,negative
15535,negative
15536,negative
15537,negative
15538,negative
15539,negative
15540,negative
15541,negative
15542,negative
15543,negative
15544,negative
15545,negative
15546,negative
15547,negative
15548,negative
15549,negative
15550,negative
